[{"model": "contenttypes.contenttype", "pk": 1, "fields": {"app_label": "admin", "model": "logentry"}}, {"model": "contenttypes.contenttype", "pk": 2, "fields": {"app_label": "auth", "model": "permission"}}, {"model": "contenttypes.contenttype", "pk": 3, "fields": {"app_label": "auth", "model": "group"}}, {"model": "contenttypes.contenttype", "pk": 4, "fields": {"app_label": "contenttypes", "model": "contenttype"}}, {"model": "contenttypes.contenttype", "pk": 5, "fields": {"app_label": "sessions", "model": "session"}}, {"model": "contenttypes.contenttype", "pk": 6, "fields": {"app_label": "zone", "model": "state"}}, {"model": "contenttypes.contenttype", "pk": 7, "fields": {"app_label": "zone", "model": "country"}}, {"model": "contenttypes.contenttype", "pk": 8, "fields": {"app_label": "zone", "model": "zone"}}, {"model": "contenttypes.contenttype", "pk": 9, "fields": {"app_label": "core", "model": "bank"}}, {"model": "contenttypes.contenttype", "pk": 10, "fields": {"app_label": "core", "model": "currency"}}, {"model": "contenttypes.contenttype", "pk": 11, "fields": {"app_label": "core", "model": "exchangerate"}}, {"model": "contenttypes.contenttype", "pk": 12, "fields": {"app_label": "core", "model": "specialty"}}, {"model": "contenttypes.contenttype", "pk": 13, "fields": {"app_label": "core", "model": "unitmeasurement"}}, {"model": "contenttypes.contenttype", "pk": 14, "fields": {"app_label": "core", "model": "typecontributionsystem"}}, {"model": "contenttypes.contenttype", "pk": 15, "fields": {"app_label": "core", "model": "contributionsystem"}}, {"model": "contenttypes.contenttype", "pk": 16, "fields": {"app_label": "team", "model": "module"}}, {"model": "contenttypes.contenttype", "pk": 18, "fields": {"app_label": "company", "model": "organization"}}, {"model": "contenttypes.contenttype", "pk": 19, "fields": {"app_label": "company", "model": "correlative"}}, {"model": "contenttypes.contenttype", "pk": 20, "fields": {"app_label": "company", "model": "subsidiary"}}, {"model": "contenttypes.contenttype", "pk": 21, "fields": {"app_label": "menu", "model": "menuitem"}}, {"model": "contenttypes.contenttype", "pk": 22, "fields": {"app_label": "menu", "model": "menu"}}, {"model": "contenttypes.contenttype", "pk": 23, "fields": {"app_label": "customer", "model": "user"}}, {"model": "contenttypes.contenttype", "pk": 24, "fields": {"app_label": "customer", "model": "userprofile"}}, {"model": "contenttypes.contenttype", "pk": 26, "fields": {"app_label": "core", "model": "service"}}, {"model": "contenttypes.contenttype", "pk": 27, "fields": {"app_label": "core", "model": "person"}}, {"model": "contenttypes.contenttype", "pk": 30, "fields": {"app_label": "core", "model": "vehiclebrand"}}, {"model": "contenttypes.contenttype", "pk": 31, "fields": {"app_label": "core", "model": "vehicleenrollment"}}, {"model": "contenttypes.contenttype", "pk": 34, "fields": {"app_label": "core", "model": "vehicleinventory"}}, {"model": "contenttypes.contenttype", "pk": 35, "fields": {"app_label": "billing", "model": "typepayment"}}, {"model": "contenttypes.contenttype", "pk": 36, "fields": {"app_label": "billing", "model": "typedocument"}}, {"model": "contenttypes.contenttype", "pk": 37, "fields": {"app_label": "core", "model": "store"}}, {"model": "contenttypes.contenttype", "pk": 38, "fields": {"app_label": "supplier", "model": "supplier"}}, {"model": "contenttypes.contenttype", "pk": 39, "fields": {"app_label": "core", "model": "vehiclefuel"}}, {"model": "contenttypes.contenttype", "pk": 40, "fields": {"app_label": "core", "model": "vehiclemodel"}}, {"model": "contenttypes.contenttype", "pk": 41, "fields": {"app_label": "product", "model": "productdetail"}}, {"model": "contenttypes.contenttype", "pk": 43, "fields": {"app_label": "product", "model": "product"}}, {"model": "contenttypes.contenttype", "pk": 44, "fields": {"app_label": "product", "model": "productcategory"}}, {"model": "contenttypes.contenttype", "pk": 45, "fields": {"app_label": "core", "model": "productbrand"}}, {"model": "contenttypes.contenttype", "pk": 46, "fields": {"app_label": "core", "model": "productmodel"}}, {"model": "contenttypes.contenttype", "pk": 47, "fields": {"app_label": "supplier", "model": "supplierproduct"}}, {"model": "contenttypes.contenttype", "pk": 48, "fields": {"app_label": "vehicle", "model": "vehicle"}}, {"model": "contenttypes.contenttype", "pk": 49, "fields": {"app_label": "vehicle", "model": "vehicledetail"}}, {"model": "contenttypes.contenttype", "pk": 50, "fields": {"app_label": "core", "model": "purchasecondition"}}, {"model": "contenttypes.contenttype", "pk": 51, "fields": {"app_label": "quotation", "model": "quotationmaintenancedetail"}}, {"model": "contenttypes.contenttype", "pk": 52, "fields": {"app_label": "quotation", "model": "quotationmaintenance"}}, {"model": "contenttypes.contenttype", "pk": 55, "fields": {"app_label": "store", "model": "referenceguidetallerorderdetail"}}, {"model": "contenttypes.contenttype", "pk": 56, "fields": {"app_label": "store", "model": "referenceguidetallerorder"}}, {"model": "contenttypes.contenttype", "pk": 57, "fields": {"app_label": "logistic", "model": "purchaseorderdetail"}}, {"model": "contenttypes.contenttype", "pk": 58, "fields": {"app_label": "logistic", "model": "purchaseorder"}}, {"model": "contenttypes.contenttype", "pk": 62, "fields": {"app_label": "supplier", "model": "suppliersubsidiary"}}, {"model": "contenttypes.contenttype", "pk": 63, "fields": {"app_label": "vehicle", "model": "vehicleimage"}}, {"model": "contenttypes.contenttype", "pk": 67, "fields": {"app_label": "team", "model": "team"}}, {"model": "contenttypes.contenttype", "pk": 69, "fields": {"app_label": "menu", "model": "teammenu"}}, {"model": "contenttypes.contenttype", "pk": 70, "fields": {"app_label": "menu", "model": "menupermissions"}}, {"model": "contenttypes.contenttype", "pk": 71, "fields": {"app_label": "menu", "model": "teammenuitem"}}, {"model": "contenttypes.contenttype", "pk": 74, "fields": {"app_label": "quotation", "model": "quotationstore"}}, {"model": "contenttypes.contenttype", "pk": 75, "fields": {"app_label": "quotation", "model": "quotationstoredetail"}}, {"model": "contenttypes.contenttype", "pk": 76, "fields": {"app_label": "core", "model": "taxconfiguration"}}, {"model": "contenttypes.contenttype", "pk": 77, "fields": {"app_label": "taller", "model": "actdeliveryvehicle"}}, {"model": "contenttypes.contenttype", "pk": 78, "fields": {"app_label": "taller", "model": "inventorydeliveryvehicle"}}, {"model": "contenttypes.contenttype", "pk": 79, "fields": {"app_label": "taller", "model": "observationdeliveryvehicle"}}, {"model": "contenttypes.contenttype", "pk": 92, "fields": {"app_label": "product", "model": "productsubcategory"}}, {"model": "contenttypes.contenttype", "pk": 95, "fields": {"app_label": "core", "model": "consultservice"}}, {"model": "contenttypes.contenttype", "pk": 96, "fields": {"app_label": "core", "model": "labourcategory"}}, {"model": "contenttypes.contenttype", "pk": 97, "fields": {"app_label": "core", "model": "labour"}}, {"model": "contenttypes.contenttype", "pk": 98, "fields": {"app_label": "taller", "model": "workassignment"}}, {"model": "contenttypes.contenttype", "pk": 99, "fields": {"app_label": "taller", "model": "requisitionstore"}}, {"model": "contenttypes.contenttype", "pk": 100, "fields": {"app_label": "taller", "model": "requisitionstoredetail"}}, {"model": "contenttypes.contenttype", "pk": 101, "fields": {"app_label": "taller", "model": "workassignmentstore"}}, {"model": "contenttypes.contenttype", "pk": 102, "fields": {"app_label": "taller", "model": "workassignmentdetail"}}, {"model": "sessions.session", "pk": "157g8flo9k049oszv7wu3wt6lictghjz", "fields": {"session_data": "YWYzOTI4NTdjZGRiZjBkOWQzMjhmZTMzNDY2NjliOTA1Y2I0ODEzZjp7Il9hdXRoX3VzZXJfaWQiOiIyIiwiX2F1dGhfdXNlcl9iYWNrZW5kIjoiZGphbmdvLmNvbnRyaWIuYXV0aC5iYWNrZW5kcy5Nb2RlbEJhY2tlbmQiLCJfYXV0aF91c2VyX2hhc2giOiIxZDk4OGJlMDdmM2VlNGZhMmEwZmUxMTAxZjA0ZDFmMGNhZWY4Y2M3In0=", "expire_date": "2016-10-29T09:21:22.606Z"}}, {"model": "sessions.session", "pk": "2yu1lmlwwczz82uo7t7y4x47josi2l31", "fields": {"session_data": "N2FiMzZlM2UyOGQ2MzgxNzgwY2M0YjAzYmUzMjkzYWQwZGQ5MDNkNDp7Il9hdXRoX3VzZXJfaWQiOiIxIiwiX2F1dGhfdXNlcl9oYXNoIjoiMTAxNjU5NjMzODkxMGVjN2MzNDQ1M2Y1OTg3MzQxMDlmNWNhMzIxOSIsIl9hdXRoX3VzZXJfYmFja2VuZCI6ImRqYW5nby5jb250cmliLmF1dGguYmFja2VuZHMuTW9kZWxCYWNrZW5kIn0=", "expire_date": "2016-10-24T09:26:10.265Z"}}, {"model": "sessions.session", "pk": "4ayunzlmw9bwo7kribtr0f4b0itro3wz", "fields": {"session_data": "YzM1MGYyYWY2ZmQ3ZTQwMDQ0NTAwMmZjOGU1YmFkN2ZlNmE2M2FkMjp7Il9hdXRoX3VzZXJfaWQiOiIxIiwiX2F1dGhfdXNlcl9iYWNrZW5kIjoiZGphbmdvLmNvbnRyaWIuYXV0aC5iYWNrZW5kcy5Nb2RlbEJhY2tlbmQiLCJfYXV0aF91c2VyX2hhc2giOiJmNmU0YzU2MGE0NGNlNGQyM2JhNGY3YTc5MDRjZTQ5NTlhNGJlMDNlIn0=", "expire_date": "2016-11-02T16:01:58.056Z"}}, {"model": "sessions.session", "pk": "64xvv36cxc4j9x8nctlbf1ekmg0braoc", "fields": {"session_data": "MjZlNmJhODA3YmYxMjVhNjY5MWNiZGRmNTE1NmMwOGIyYjBiNWNhMjp7Il9hdXRoX3VzZXJfaWQiOiI0IiwiX2F1dGhfdXNlcl9oYXNoIjoiNGM5NWE4NzA0ZWZiMjU1M2NmMjcxN2NlNTExMGEwNTE2OGYyNjM4NiIsInRlc3Rjb29raWUiOiJ3b3JrZWQiLCJfYXV0aF91c2VyX2JhY2tlbmQiOiJkamFuZ28uY29udHJpYi5hdXRoLmJhY2tlbmRzLk1vZGVsQmFja2VuZCJ9", "expire_date": "2016-10-27T14:15:27.032Z"}}, {"model": "sessions.session", "pk": "6goufc9l8rgihox3txtnkkd3g05bahwn", "fields": {"session_data": "YTllOWY3MGIwZDdlYjk2NzBmNjkzYzM1M2YxMjM5ODg3OGQzMTBhMTp7Il9hdXRoX3VzZXJfaGFzaCI6ImY2ZTRjNTYwYTQ0Y2U0ZDIzYmE0ZjdhNzkwNGNlNDk1OWE0YmUwM2UiLCJfYXV0aF91c2VyX2JhY2tlbmQiOiJkamFuZ28uY29udHJpYi5hdXRoLmJhY2tlbmRzLk1vZGVsQmFja2VuZCIsIl9hdXRoX3VzZXJfaWQiOiIxIn0=", "expire_date": "2016-11-11T07:51:13.590Z"}}, {"model": "sessions.session", "pk": "77h7w5b9msq52uowdod8ma501tly203m", "fields": {"session_data": "YTllOWY3MGIwZDdlYjk2NzBmNjkzYzM1M2YxMjM5ODg3OGQzMTBhMTp7Il9hdXRoX3VzZXJfaGFzaCI6ImY2ZTRjNTYwYTQ0Y2U0ZDIzYmE0ZjdhNzkwNGNlNDk1OWE0YmUwM2UiLCJfYXV0aF91c2VyX2JhY2tlbmQiOiJkamFuZ28uY29udHJpYi5hdXRoLmJhY2tlbmRzLk1vZGVsQmFja2VuZCIsIl9hdXRoX3VzZXJfaWQiOiIxIn0=", "expire_date": "2016-11-08T00:01:05.476Z"}}, {"model": "sessions.session", "pk": "7xgq18zxjaoi92r0eizsuqyu1kif5jsm", "fields": {"session_data": "NjJjZjQ1Y2YwY2Q3NTc4NGE5N2E2NjRiNTcxYWNlMTU5Y2Y4MjhlZTp7Il9hdXRoX3VzZXJfaWQiOiIyIiwiX2F1dGhfdXNlcl9oYXNoIjoiMWQ5ODhiZTA3ZjNlZTRmYTJhMGZlMTEwMWYwNGQxZjBjYWVmOGNjNyIsIl9hdXRoX3VzZXJfYmFja2VuZCI6ImRqYW5nby5jb250cmliLmF1dGguYmFja2VuZHMuTW9kZWxCYWNrZW5kIn0=", "expire_date": "2016-10-27T00:42:44.354Z"}}, {"model": "sessions.session", "pk": "ayam3bsvnjwvl927gfnjgh7n1ehe17nd", "fields": {"session_data": "ZGY2ZTQzOThhNWZmNDBlZTg0MGZkYWJkY2M0N2U1YjUwYmE1ODVhYTp7Il9hdXRoX3VzZXJfaGFzaCI6IjFkOTg4YmUwN2YzZWU0ZmEyYTBmZTExMDFmMDRkMWYwY2FlZjhjYzciLCJfYXV0aF91c2VyX2lkIjoiMiIsIl9hdXRoX3VzZXJfYmFja2VuZCI6ImRqYW5nby5jb250cmliLmF1dGguYmFja2VuZHMuTW9kZWxCYWNrZW5kIn0=", "expire_date": "2016-10-27T16:02:20.837Z"}}, {"model": "sessions.session", "pk": "ff8nd7xkvee9226i0bq3ak22atfgvc01", "fields": {"session_data": "NGUwZjVkYjA3ZGRlZjNjYjUyYzBkYzUyMWJjYzc0Yjk2NTk1MmY5MTp7Il9hdXRoX3VzZXJfYmFja2VuZCI6ImRqYW5nby5jb250cmliLmF1dGguYmFja2VuZHMuTW9kZWxCYWNrZW5kIiwiX2F1dGhfdXNlcl9oYXNoIjoiZjZlNGM1NjBhNDRjZTRkMjNiYTRmN2E3OTA0Y2U0OTU5YTRiZTAzZSIsIl9hdXRoX3VzZXJfaWQiOiIxIn0=", "expire_date": "2016-11-16T14:10:40.691Z"}}, {"model": "sessions.session", "pk": "gfdirinysk79ppx194chbszl312431am", "fields": {"session_data": "NmIxMDVlN2E2OTIwY2ZhMGJmZGU4ZDIwZWNjNDNhY2VlZDc5ZWFjNTp7Il9hdXRoX3VzZXJfaGFzaCI6ImY2ZTRjNTYwYTQ0Y2U0ZDIzYmE0ZjdhNzkwNGNlNDk1OWE0YmUwM2UiLCJfYXV0aF91c2VyX2lkIjoiMSIsIl9hdXRoX3VzZXJfYmFja2VuZCI6ImRqYW5nby5jb250cmliLmF1dGguYmFja2VuZHMuTW9kZWxCYWNrZW5kIn0=", "expire_date": "2016-11-16T02:01:10.221Z"}}, {"model": "sessions.session", "pk": "hrnghxpgvyj0a7eqsw26sk3hryb0sh7k", "fields": {"session_data": "ZDQ3YTIxOTIzZjMyMDIzMWU3ZmQzNWMyYTY2OWJiYmE1ZjNkZDFlMjp7Il9hdXRoX3VzZXJfYmFja2VuZCI6ImRqYW5nby5jb250cmliLmF1dGguYmFja2VuZHMuTW9kZWxCYWNrZW5kIiwiX2F1dGhfdXNlcl9pZCI6IjEiLCJfYXV0aF91c2VyX2hhc2giOiJmNmU0YzU2MGE0NGNlNGQyM2JhNGY3YTc5MDRjZTQ5NTlhNGJlMDNlIn0=", "expire_date": "2016-11-01T11:09:51.531Z"}}, {"model": "sessions.session", "pk": "l3mxncll6qpbh4mxkxuoub2j3n0gd0kb", "fields": {"session_data": "YTZhMTQxZjdkNjgzY2YzZjc5NmJkZjZlMzIzMGZhNzQyNjJhZTZkMzp7Il9hdXRoX3VzZXJfaGFzaCI6IjEwMTY1OTYzMzg5MTBlYzdjMzQ0NTNmNTk4NzM0MTA5ZjVjYTMyMTkiLCJfYXV0aF91c2VyX2JhY2tlbmQiOiJkamFuZ28uY29udHJpYi5hdXRoLmJhY2tlbmRzLk1vZGVsQmFja2VuZCIsIl9hdXRoX3VzZXJfaWQiOiIxIn0=", "expire_date": "2016-10-18T12:17:37.183Z"}}, {"model": "sessions.session", "pk": "l4j7vap17bwwl6jxtg0hxdisjs6cb9oa", "fields": {"session_data": "NTEzODcxYTI3OWFkYTRlMjIzZjU4ZDc4NmYwZmY5NDNmNmM5N2U2NTp7Il9hdXRoX3VzZXJfYmFja2VuZCI6ImRqYW5nby5jb250cmliLmF1dGguYmFja2VuZHMuTW9kZWxCYWNrZW5kIiwiX2F1dGhfdXNlcl9pZCI6IjIiLCJfYXV0aF91c2VyX2hhc2giOiIxZDk4OGJlMDdmM2VlNGZhMmEwZmUxMTAxZjA0ZDFmMGNhZWY4Y2M3In0=", "expire_date": "2016-11-02T23:43:08.577Z"}}, {"model": "sessions.session", "pk": "n3fsnd328uxgndyctqktvcf9y3trfkh5", "fields": {"session_data": "ZDQ3YTIxOTIzZjMyMDIzMWU3ZmQzNWMyYTY2OWJiYmE1ZjNkZDFlMjp7Il9hdXRoX3VzZXJfYmFja2VuZCI6ImRqYW5nby5jb250cmliLmF1dGguYmFja2VuZHMuTW9kZWxCYWNrZW5kIiwiX2F1dGhfdXNlcl9pZCI6IjEiLCJfYXV0aF91c2VyX2hhc2giOiJmNmU0YzU2MGE0NGNlNGQyM2JhNGY3YTc5MDRjZTQ5NTlhNGJlMDNlIn0=", "expire_date": "2016-11-08T17:30:27.654Z"}}, {"model": "sessions.session", "pk": "p3kx5np8am0j9b5me0rokz516wtcdv15", "fields": {"session_data": "N2FiMzZlM2UyOGQ2MzgxNzgwY2M0YjAzYmUzMjkzYWQwZGQ5MDNkNDp7Il9hdXRoX3VzZXJfaWQiOiIxIiwiX2F1dGhfdXNlcl9oYXNoIjoiMTAxNjU5NjMzODkxMGVjN2MzNDQ1M2Y1OTg3MzQxMDlmNWNhMzIxOSIsIl9hdXRoX3VzZXJfYmFja2VuZCI6ImRqYW5nby5jb250cmliLmF1dGguYmFja2VuZHMuTW9kZWxCYWNrZW5kIn0=", "expire_date": "2016-10-25T13:16:30.343Z"}}, {"model": "sessions.session", "pk": "t8iusdlojt435am3fuf939p99x87e19m", "fields": {"session_data": "NjJjZjQ1Y2YwY2Q3NTc4NGE5N2E2NjRiNTcxYWNlMTU5Y2Y4MjhlZTp7Il9hdXRoX3VzZXJfaWQiOiIyIiwiX2F1dGhfdXNlcl9oYXNoIjoiMWQ5ODhiZTA3ZjNlZTRmYTJhMGZlMTEwMWYwNGQxZjBjYWVmOGNjNyIsIl9hdXRoX3VzZXJfYmFja2VuZCI6ImRqYW5nby5jb250cmliLmF1dGguYmFja2VuZHMuTW9kZWxCYWNrZW5kIn0=", "expire_date": "2016-11-06T12:59:31.266Z"}}, {"model": "sessions.session", "pk": "uhqga1w7s49qwmonqdg1ubwg166zvtau", "fields": {"session_data": "N2FiMzZlM2UyOGQ2MzgxNzgwY2M0YjAzYmUzMjkzYWQwZGQ5MDNkNDp7Il9hdXRoX3VzZXJfaWQiOiIxIiwiX2F1dGhfdXNlcl9oYXNoIjoiMTAxNjU5NjMzODkxMGVjN2MzNDQ1M2Y1OTg3MzQxMDlmNWNhMzIxOSIsIl9hdXRoX3VzZXJfYmFja2VuZCI6ImRqYW5nby5jb250cmliLmF1dGguYmFja2VuZHMuTW9kZWxCYWNrZW5kIn0=", "expire_date": "2016-10-25T09:21:43.146Z"}}, {"model": "sessions.session", "pk": "ujs2pvfi5a5gaw21rp6xt6z4qfrt7a56", "fields": {"session_data": "NGMxNzI1N2IwZGIxOGIzNWUwMjU3ZjVjNzJmZWU0MjY4MmJiMWEwODp7Il9hdXRoX3VzZXJfYmFja2VuZCI6ImRqYW5nby5jb250cmliLmF1dGguYmFja2VuZHMuTW9kZWxCYWNrZW5kIiwiX2F1dGhfdXNlcl9oYXNoIjoiMTAxNjU5NjMzODkxMGVjN2MzNDQ1M2Y1OTg3MzQxMDlmNWNhMzIxOSIsIl9hdXRoX3VzZXJfaWQiOiIxIn0=", "expire_date": "2016-10-20T12:55:57.164Z"}}, {"model": "sessions.session", "pk": "wdywsftjj3h2j203yg9mab0dzou8kpok", "fields": {"session_data": "ZDI0NmQ3OGM1MTBkYTIzNjExYzIyYmIxNjAyOTkyZWNjMmZmMmEzZDp7Il9hdXRoX3VzZXJfYmFja2VuZCI6ImRqYW5nby5jb250cmliLmF1dGguYmFja2VuZHMuTW9kZWxCYWNrZW5kIiwidGVzdGNvb2tpZSI6IndvcmtlZCIsIl9hdXRoX3VzZXJfaWQiOiIxIiwiX2F1dGhfdXNlcl9oYXNoIjoiZjZlNGM1NjBhNDRjZTRkMjNiYTRmN2E3OTA0Y2U0OTU5YTRiZTAzZSJ9", "expire_date": "2016-10-27T23:32:19.796Z"}}, {"model": "sessions.session", "pk": "xhqw897uzm46f4g0hg1nwrne6pvd0tyx", "fields": {"session_data": "Njc4OTg2ZDZlZWI3YWUwMDk4MmIzN2ZmMmUyMWY0YjhmOTJhZTE2ZDp7InRlc3Rjb29raWUiOiJ3b3JrZWQiLCJfYXV0aF91c2VyX2JhY2tlbmQiOiJkamFuZ28uY29udHJpYi5hdXRoLmJhY2tlbmRzLk1vZGVsQmFja2VuZCIsIl9hdXRoX3VzZXJfaGFzaCI6ImY2ZTRjNTYwYTQ0Y2U0ZDIzYmE0ZjdhNzkwNGNlNDk1OWE0YmUwM2UiLCJfYXV0aF91c2VyX2lkIjoiMSJ9", "expire_date": "2016-10-27T01:24:17.285Z"}}, {"model": "sessions.session", "pk": "zh5l8sczmsghtwoi947ixusxfwrq7a0l", "fields": {"session_data": "MmNlYTcxYmQ0Y2Q0NDdmNGIyOTE0OTgxMDFiZmUwNmFlMmUyMTQ2Nzp7Il9hdXRoX3VzZXJfYmFja2VuZCI6ImRqYW5nby5jb250cmliLmF1dGguYmFja2VuZHMuTW9kZWxCYWNrZW5kIiwiX2F1dGhfdXNlcl9pZCI6IjEiLCJfYXV0aF91c2VyX2hhc2giOiIxMDE2NTk2MzM4OTEwZWM3YzM0NDUzZjU5ODczNDEwOWY1Y2EzMjE5In0=", "expire_date": "2016-10-21T23:29:36.725Z"}}, {"model": "core.labourcategory", "pk": 1, "fields": {"date_created": "2016-10-29T21:47:20.249Z", "date_modified": "2016-10-29T21:47:20.249Z", "is_deleted": false, "name": "MOTOR"}}, {"model": "core.labourcategory", "pk": 2, "fields": {"date_created": "2016-10-29T21:48:01.103Z", "date_modified": "2016-10-29T21:48:01.103Z", "is_deleted": false, "name": "SISTEMA DE TRANSMICION"}}, {"model": "core.labourcategory", "pk": 3, "fields": {"date_created": "2016-10-29T21:48:10.779Z", "date_modified": "2016-10-29T21:48:10.779Z", "is_deleted": false, "name": "SISTEMA DE SUSPENSION Y DIRECCION"}}, {"model": "core.labourcategory", "pk": 4, "fields": {"date_created": "2016-10-29T21:48:17.817Z", "date_modified": "2016-10-29T21:48:17.817Z", "is_deleted": false, "name": "SISTEMA DE FRENO"}}, {"model": "core.labourcategory", "pk": 5, "fields": {"date_created": "2016-10-29T21:48:22.899Z", "date_modified": "2016-10-29T21:48:22.899Z", "is_deleted": false, "name": "SISTEMA ELECTRICO"}}, {"model": "core.labourcategory", "pk": 6, "fields": {"date_created": "2016-10-29T21:48:34.666Z", "date_modified": "2016-10-29T21:48:34.666Z", "is_deleted": false, "name": "CARROCERIA GENERAL"}}, {"model": "core.labour", "pk": 1, "fields": {"date_created": "2016-10-29T21:49:09.873Z", "date_modified": "2016-10-29T21:49:09.873Z", "is_deleted": false, "labour_category": 1, "name": "Lavado, lubricante y engrase general"}}, {"model": "core.labour", "pk": 2, "fields": {"date_created": "2016-10-29T21:49:25.579Z", "date_modified": "2016-10-29T21:49:25.579Z", "is_deleted": false, "labour_category": 1, "name": "Cambio aceite y filtro"}}, {"model": "core.labour", "pk": 3, "fields": {"date_created": "2016-10-29T21:49:43.554Z", "date_modified": "2016-10-29T21:49:43.554Z", "is_deleted": false, "labour_category": 1, "name": "Cambio filtro de aire (limpieza de base)"}}, {"model": "core.labour", "pk": 4, "fields": {"date_created": "2016-10-29T21:50:08.667Z", "date_modified": "2016-10-29T21:50:08.667Z", "is_deleted": false, "labour_category": 1, "name": "Cambio filtro de combustible (trampa de agua)"}}, {"model": "core.labour", "pk": 5, "fields": {"date_created": "2016-10-29T21:50:58.402Z", "date_modified": "2016-10-29T21:50:58.402Z", "is_deleted": false, "labour_category": 1, "name": "Inspecci\u00f3n del refrigerante de motor"}}, {"model": "core.labour", "pk": 6, "fields": {"date_created": "2016-10-29T21:51:23.683Z", "date_modified": "2016-10-29T21:51:23.683Z", "is_deleted": false, "labour_category": 1, "name": "Inspecci\u00f3n de faja de accesorios y poleas"}}, {"model": "core.labour", "pk": 7, "fields": {"date_created": "2016-10-29T21:51:43.930Z", "date_modified": "2016-10-29T21:51:43.930Z", "is_deleted": false, "labour_category": 1, "name": "Inspecci\u00f3n de mangueras de agua y bicostatico"}}, {"model": "core.labour", "pk": 8, "fields": {"date_created": "2016-10-29T21:52:17.441Z", "date_modified": "2016-10-29T21:52:17.442Z", "is_deleted": false, "labour_category": 1, "name": "Revisi\u00f3n de sistemas de escape y turboalimentador"}}, {"model": "core.labour", "pk": 9, "fields": {"date_created": "2016-10-29T21:52:35.219Z", "date_modified": "2016-10-29T21:52:35.219Z", "is_deleted": false, "labour_category": 1, "name": "Alineamiento de motor (escaneo de equipo)"}}, {"model": "core.labour", "pk": 10, "fields": {"date_created": "2016-10-29T21:52:51.906Z", "date_modified": "2016-10-29T21:52:51.906Z", "is_deleted": false, "labour_category": 2, "name": "Inspecci\u00f3n aceite de caja de velocidades (fugas)"}}, {"model": "core.labour", "pk": 11, "fields": {"date_created": "2016-10-29T21:53:13.731Z", "date_modified": "2016-10-29T21:53:13.731Z", "is_deleted": false, "labour_category": 2, "name": "Inspecci\u00f3n de aceite diferencia posterior (fugas)"}}, {"model": "core.labour", "pk": 12, "fields": {"date_created": "2016-10-29T21:53:28.559Z", "date_modified": "2016-10-29T21:53:28.559Z", "is_deleted": false, "labour_category": 2, "name": "Inspecci\u00f3n de aceite diferencial de 4x4 (fugas)"}}, {"model": "core.labour", "pk": 13, "fields": {"date_created": "2016-10-29T21:54:06.808Z", "date_modified": "2016-10-29T21:54:06.808Z", "is_deleted": false, "labour_category": 2, "name": "Inspecci\u00f3n de aceite transferencial 4x4 (fugas)"}}, {"model": "core.labour", "pk": 14, "fields": {"date_created": "2016-10-29T21:54:54.730Z", "date_modified": "2016-10-29T21:54:54.731Z", "is_deleted": false, "labour_category": 2, "name": "Inspecci\u00f3n y engrase de crucetas y ejes deslizantes"}}, {"model": "core.labour", "pk": 15, "fields": {"date_created": "2016-10-29T21:55:17.734Z", "date_modified": "2016-10-29T21:55:17.734Z", "is_deleted": false, "labour_category": 2, "name": "Inspecci\u00f3n de juegos de bridad de corona (juego axial)"}}, {"model": "core.labour", "pk": 16, "fields": {"date_created": "2016-10-29T21:55:44.819Z", "date_modified": "2016-10-29T21:55:44.819Z", "is_deleted": false, "labour_category": 2, "name": "Inspecci\u00f3n de semiejes posteriores (juego de rodajes)"}}, {"model": "core.labour", "pk": 17, "fields": {"date_created": "2016-10-29T21:56:09.174Z", "date_modified": "2016-10-29T21:56:09.174Z", "is_deleted": false, "labour_category": 2, "name": "Inspecci\u00f3n de juego de rodaje de bocamaza"}}, {"model": "core.labour", "pk": 18, "fields": {"date_created": "2016-10-29T21:57:06.109Z", "date_modified": "2016-10-29T21:57:06.109Z", "is_deleted": false, "labour_category": 2, "name": "Inspecci\u00f3n de palieres (juntas homicin\u00e9ticas)"}}, {"model": "core.labour", "pk": 19, "fields": {"date_created": "2016-10-29T21:57:24.273Z", "date_modified": "2016-10-29T21:57:24.273Z", "is_deleted": false, "labour_category": 2, "name": "Inspecci\u00f3n de sistema de embrague (altura p\u00e9dal)"}}, {"model": "core.labour", "pk": 20, "fields": {"date_created": "2016-10-29T21:57:36.863Z", "date_modified": "2016-10-29T21:57:36.863Z", "is_deleted": false, "labour_category": 3, "name": "Resortes muelles, amortiguadores (altura del vehiculo)"}}, {"model": "core.labour", "pk": 21, "fields": {"date_created": "2016-10-29T21:58:23.427Z", "date_modified": "2016-10-29T21:58:23.427Z", "is_deleted": false, "labour_category": 3, "name": "Inspecci\u00f3n de terminales, bieletas, rack, ca\u00f1a de timon"}}, {"model": "core.labour", "pk": 22, "fields": {"date_created": "2016-10-29T21:58:37.960Z", "date_modified": "2016-10-29T21:58:37.961Z", "is_deleted": false, "labour_category": 3, "name": "Jebes de barra estabilizadora, jebes de muelle"}}, {"model": "core.labour", "pk": 23, "fields": {"date_created": "2016-10-29T21:58:56.997Z", "date_modified": "2016-10-29T21:58:56.997Z", "is_deleted": false, "labour_category": 3, "name": "Inspecci\u00f3n cremallera de direcci\u00f3n (fugas)"}}, {"model": "core.labour", "pk": 24, "fields": {"date_created": "2016-10-29T21:59:16.853Z", "date_modified": "2016-10-29T21:59:16.853Z", "is_deleted": false, "labour_category": 3, "name": "Inspecci\u00f3n y reajuste de carrocer\u00eda, jaula y antivuelco"}}, {"model": "core.labour", "pk": 25, "fields": {"date_created": "2016-10-29T21:59:29.130Z", "date_modified": "2016-10-29T21:59:29.130Z", "is_deleted": false, "labour_category": 4, "name": "Nivel l\u00edquido de freno"}}, {"model": "core.labour", "pk": 26, "fields": {"date_created": "2016-10-29T21:59:52.829Z", "date_modified": "2016-10-29T21:59:52.829Z", "is_deleted": false, "labour_category": 4, "name": "Revisi\u00f3n frenos delanteros (pines, seguros, ca\u00f1eria)"}}, {"model": "core.labour", "pk": 27, "fields": {"date_created": "2016-10-29T22:00:23.162Z", "date_modified": "2016-10-29T22:00:23.163Z", "is_deleted": false, "labour_category": 4, "name": "Revisi\u00f3n de caliper de freno (guardapolvo, jebes)"}}, {"model": "core.labour", "pk": 28, "fields": {"date_created": "2016-10-29T22:00:45.290Z", "date_modified": "2016-10-29T22:00:45.290Z", "is_deleted": false, "labour_category": 4, "name": "Revisi\u00f3n frenos posteriores (resortes, reguladores, bobines)"}}, {"model": "core.labour", "pk": 29, "fields": {"date_created": "2016-10-29T22:01:08.520Z", "date_modified": "2016-10-29T22:01:08.520Z", "is_deleted": false, "labour_category": 4, "name": "Revisi\u00f3n freno de estacionamiento"}}, {"model": "core.labour", "pk": 30, "fields": {"date_created": "2016-10-29T22:01:27.041Z", "date_modified": "2016-10-29T22:01:27.041Z", "is_deleted": false, "labour_category": 5, "name": "Inspecci\u00f3n de arrancador"}}, {"model": "core.labour", "pk": 31, "fields": {"date_created": "2016-10-29T22:01:44.901Z", "date_modified": "2016-10-29T22:01:44.901Z", "is_deleted": false, "labour_category": 5, "name": "Inspecci\u00f3n de alternador"}}, {"model": "core.labour", "pk": 32, "fields": {"date_created": "2016-10-29T22:02:01.919Z", "date_modified": "2016-10-29T22:02:01.919Z", "is_deleted": false, "labour_category": 5, "name": "Revisi\u00f3n de bater\u00eda: agua acidulada, medir densidad, carga"}}, {"model": "core.labour", "pk": 33, "fields": {"date_created": "2016-10-29T22:02:51.019Z", "date_modified": "2016-10-29T22:02:51.019Z", "is_deleted": false, "labour_category": 5, "name": "Revisi\u00f3n de cableado general (de neblinero, pirata, circulica)"}}, {"model": "core.labour", "pk": 34, "fields": {"date_created": "2016-10-29T22:03:13.984Z", "date_modified": "2016-10-29T22:03:13.985Z", "is_deleted": false, "labour_category": 5, "name": "Revisi\u00f3n claxon, limpiaparabrisa"}}, {"model": "core.labour", "pk": 35, "fields": {"date_created": "2016-10-29T22:03:32.700Z", "date_modified": "2016-10-29T22:03:32.701Z", "is_deleted": false, "labour_category": 5, "name": "Revisi\u00f3n de luces altas, bajas, neblineros y piratas"}}, {"model": "core.labour", "pk": 36, "fields": {"date_created": "2016-10-29T22:03:48.982Z", "date_modified": "2016-10-29T22:03:48.982Z", "is_deleted": false, "labour_category": 5, "name": "Revisi\u00f3n de luces direccionales, pare, estacionamiento"}}, {"model": "core.labour", "pk": 37, "fields": {"date_created": "2016-10-29T22:04:07.020Z", "date_modified": "2016-10-29T22:04:07.020Z", "is_deleted": false, "labour_category": 5, "name": "Revisi\u00f3n circulina, alarma de retro"}}, {"model": "core.labour", "pk": 38, "fields": {"date_created": "2016-10-29T22:04:21.474Z", "date_modified": "2016-10-29T22:04:21.474Z", "is_deleted": false, "labour_category": 6, "name": "Lunas, puertas, manijas, tapiz"}}, {"model": "core.labour", "pk": 39, "fields": {"date_created": "2016-10-29T22:04:34.588Z", "date_modified": "2016-10-29T22:04:34.588Z", "is_deleted": false, "labour_category": 6, "name": "Revisi\u00f3n tablero de control (testigos, alarmas)"}}, {"model": "core.labour", "pk": 40, "fields": {"date_created": "2016-10-29T22:05:28.972Z", "date_modified": "2016-10-29T22:05:28.972Z", "is_deleted": false, "labour_category": 6, "name": "Botiqu\u00edn, herramientas, espejos"}}, {"model": "core.labour", "pk": 41, "fields": {"date_created": "2016-10-29T22:05:48.009Z", "date_modified": "2016-10-29T22:05:48.009Z", "is_deleted": false, "labour_category": 6, "name": "Llantas en General(repuesto)"}}, {"model": "core.unitmeasurement", "pk": 1, "fields": {"date_created": "2016-10-05T08:52:56.798Z", "date_modified": "2016-10-07T23:33:09.128Z", "is_deleted": false, "type_measurement": "UPM-3", "name": "Camion", "symbol": "Camion"}}, {"model": "core.unitmeasurement", "pk": 2, "fields": {"date_created": "2016-10-05T08:53:31.118Z", "date_modified": "2016-10-05T08:53:31.118Z", "is_deleted": false, "type_measurement": "UPM-3", "name": "SemiRemolques", "symbol": "SemiRemolques"}}, {"model": "core.unitmeasurement", "pk": 3, "fields": {"date_created": "2016-10-05T08:53:55.650Z", "date_modified": "2016-10-05T08:53:55.650Z", "is_deleted": false, "type_measurement": "UPM-3", "name": "Autos", "symbol": "Autos"}}, {"model": "core.unitmeasurement", "pk": 4, "fields": {"date_created": "2016-10-05T08:59:00.908Z", "date_modified": "2016-10-05T08:59:00.908Z", "is_deleted": false, "type_measurement": "UPM-3", "name": "Saider", "symbol": "Saider"}}, {"model": "core.unitmeasurement", "pk": 5, "fields": {"date_created": "2016-10-05T08:59:31.051Z", "date_modified": "2016-10-05T08:59:31.051Z", "is_deleted": false, "type_measurement": "UPM-3", "name": "Chasis_Acoplados", "symbol": "Chasis_Acoplados"}}, {"model": "core.unitmeasurement", "pk": 6, "fields": {"date_created": "2016-10-05T08:59:47.294Z", "date_modified": "2016-10-05T08:59:47.294Z", "is_deleted": false, "type_measurement": "UPM-3", "name": "Tanques", "symbol": "Tanques"}}, {"model": "core.unitmeasurement", "pk": 7, "fields": {"date_created": "2016-10-05T09:02:56.521Z", "date_modified": "2016-10-05T09:02:56.521Z", "is_deleted": false, "type_measurement": "UPM-3", "name": "Camioneta", "symbol": "Camioneta"}}, {"model": "core.unitmeasurement", "pk": 8, "fields": {"date_created": "2016-10-05T09:03:56.230Z", "date_modified": "2016-10-05T09:09:43.234Z", "is_deleted": false, "type_measurement": "UPM-1", "name": "Unidades", "symbol": "u"}}, {"model": "core.unitmeasurement", "pk": 9, "fields": {"date_created": "2016-10-05T09:04:04.951Z", "date_modified": "2016-10-05T09:09:46.525Z", "is_deleted": false, "type_measurement": "UPM-1", "name": "Litros", "symbol": "L"}}, {"model": "core.unitmeasurement", "pk": 10, "fields": {"date_created": "2016-10-05T09:04:14.051Z", "date_modified": "2016-10-05T09:09:50.159Z", "is_deleted": false, "type_measurement": "UPM-1", "name": "Metros cubicos", "symbol": "m\u00b3"}}, {"model": "core.unitmeasurement", "pk": 11, "fields": {"date_created": "2016-10-05T09:04:23.593Z", "date_modified": "2016-10-05T09:09:52.744Z", "is_deleted": false, "type_measurement": "UPM-1", "name": "Kilogramos", "symbol": "Kg"}}, {"model": "core.unitmeasurement", "pk": 12, "fields": {"date_created": "2016-10-05T09:05:03.226Z", "date_modified": "2016-10-05T09:08:50.575Z", "is_deleted": false, "type_measurement": "UPM-2", "name": "Unidades", "symbol": "U"}}, {"model": "core.unitmeasurement", "pk": 13, "fields": {"date_created": "2016-10-05T09:05:13.050Z", "date_modified": "2016-10-05T09:09:32.711Z", "is_deleted": false, "type_measurement": "UPM-2", "name": "Metros", "symbol": "m"}}, {"model": "core.unitmeasurement", "pk": 14, "fields": {"date_created": "2016-10-05T09:05:25.988Z", "date_modified": "2016-10-05T09:09:35.049Z", "is_deleted": false, "type_measurement": "UPM-2", "name": "Metros cuadrados", "symbol": "m\u00b2"}}, {"model": "core.unitmeasurement", "pk": 15, "fields": {"date_created": "2016-10-05T09:05:50.225Z", "date_modified": "2016-10-05T09:09:37.520Z", "is_deleted": false, "type_measurement": "UPM-2", "name": "Kilogramos", "symbol": "Kg"}}, {"model": "core.unitmeasurement", "pk": 16, "fields": {"date_created": "2016-10-05T09:11:35.401Z", "date_modified": "2016-10-05T09:11:35.401Z", "is_deleted": false, "type_measurement": "UPM-5", "name": "Cajas", "symbol": "Cajas"}}, {"model": "core.unitmeasurement", "pk": 17, "fields": {"date_created": "2016-10-05T09:11:43.190Z", "date_modified": "2016-10-05T09:11:43.190Z", "is_deleted": false, "type_measurement": "UPM-5", "name": "Palets", "symbol": "Palets"}}, {"model": "core.unitmeasurement", "pk": 18, "fields": {"date_created": "2016-10-05T09:11:53.008Z", "date_modified": "2016-10-05T09:11:53.008Z", "is_deleted": false, "type_measurement": "UPM-5", "name": "Contenedor", "symbol": "Contenedor"}}, {"model": "core.unitmeasurement", "pk": 19, "fields": {"date_created": "2016-10-05T09:12:01.299Z", "date_modified": "2016-10-05T09:12:01.299Z", "is_deleted": false, "type_measurement": "UPM-5", "name": "Bidones", "symbol": "Bidones"}}, {"model": "core.vehicleenrollment", "pk": 1, "fields": {"date_created": "2016-10-05T00:32:57.687Z", "date_modified": "2016-10-05T00:32:57.687Z", "is_deleted": false, "year": "1989"}}, {"model": "core.vehicleenrollment", "pk": 2, "fields": {"date_created": "2016-10-05T00:33:00.935Z", "date_modified": "2016-10-05T00:33:00.935Z", "is_deleted": false, "year": "1990"}}, {"model": "core.vehicleenrollment", "pk": 3, "fields": {"date_created": "2016-10-05T00:33:03.765Z", "date_modified": "2016-10-05T00:33:03.765Z", "is_deleted": false, "year": "1991"}}, {"model": "core.vehicleenrollment", "pk": 4, "fields": {"date_created": "2016-10-05T00:33:06.675Z", "date_modified": "2016-10-05T00:33:06.675Z", "is_deleted": false, "year": "1992"}}, {"model": "core.vehicleenrollment", "pk": 5, "fields": {"date_created": "2016-10-05T00:33:12.302Z", "date_modified": "2016-10-05T00:33:12.302Z", "is_deleted": false, "year": "1993"}}, {"model": "core.vehicleenrollment", "pk": 6, "fields": {"date_created": "2016-10-05T00:33:15.473Z", "date_modified": "2016-10-05T00:33:15.473Z", "is_deleted": false, "year": "1994"}}, {"model": "core.vehicleenrollment", "pk": 7, "fields": {"date_created": "2016-10-05T00:33:18.790Z", "date_modified": "2016-10-05T00:33:18.790Z", "is_deleted": false, "year": "1995"}}, {"model": "core.vehicleenrollment", "pk": 8, "fields": {"date_created": "2016-10-05T00:33:21.614Z", "date_modified": "2016-10-05T00:33:21.614Z", "is_deleted": false, "year": "1996"}}, {"model": "core.vehicleenrollment", "pk": 9, "fields": {"date_created": "2016-10-05T00:33:24.693Z", "date_modified": "2016-10-05T00:33:24.693Z", "is_deleted": false, "year": "1997"}}, {"model": "core.vehicleenrollment", "pk": 10, "fields": {"date_created": "2016-10-05T00:33:28.448Z", "date_modified": "2016-10-05T00:33:28.448Z", "is_deleted": false, "year": "1998"}}, {"model": "core.vehicleenrollment", "pk": 11, "fields": {"date_created": "2016-10-05T00:33:31.468Z", "date_modified": "2016-10-05T00:33:31.468Z", "is_deleted": false, "year": "1999"}}, {"model": "core.vehicleenrollment", "pk": 12, "fields": {"date_created": "2016-10-05T00:33:38.791Z", "date_modified": "2016-10-05T00:33:38.791Z", "is_deleted": false, "year": "2000"}}, {"model": "core.vehicleenrollment", "pk": 13, "fields": {"date_created": "2016-10-05T00:33:41.722Z", "date_modified": "2016-10-05T00:33:41.722Z", "is_deleted": false, "year": "2001"}}, {"model": "core.vehicleenrollment", "pk": 14, "fields": {"date_created": "2016-10-05T00:33:45.038Z", "date_modified": "2016-10-05T00:33:45.038Z", "is_deleted": false, "year": "2002"}}, {"model": "core.vehicleenrollment", "pk": 15, "fields": {"date_created": "2016-10-05T00:33:49.814Z", "date_modified": "2016-10-05T00:33:49.814Z", "is_deleted": false, "year": "2003"}}, {"model": "core.vehicleenrollment", "pk": 16, "fields": {"date_created": "2016-10-05T00:33:53.172Z", "date_modified": "2016-10-05T00:33:53.172Z", "is_deleted": false, "year": "2004"}}, {"model": "core.vehicleenrollment", "pk": 17, "fields": {"date_created": "2016-10-05T00:33:56.203Z", "date_modified": "2016-10-05T00:33:56.203Z", "is_deleted": false, "year": "2005"}}, {"model": "core.vehicleenrollment", "pk": 18, "fields": {"date_created": "2016-10-05T00:33:59.221Z", "date_modified": "2016-10-05T00:33:59.221Z", "is_deleted": false, "year": "2006"}}, {"model": "core.vehicleenrollment", "pk": 19, "fields": {"date_created": "2016-10-05T00:34:02.052Z", "date_modified": "2016-10-05T00:34:02.052Z", "is_deleted": false, "year": "2007"}}, {"model": "core.vehicleenrollment", "pk": 20, "fields": {"date_created": "2016-10-05T00:34:04.757Z", "date_modified": "2016-10-05T00:34:04.757Z", "is_deleted": false, "year": "2008"}}, {"model": "core.vehicleenrollment", "pk": 21, "fields": {"date_created": "2016-10-05T00:34:08.137Z", "date_modified": "2016-10-05T00:34:08.137Z", "is_deleted": false, "year": "2009"}}, {"model": "core.vehicleenrollment", "pk": 22, "fields": {"date_created": "2016-10-05T00:34:13.867Z", "date_modified": "2016-10-05T00:34:13.867Z", "is_deleted": false, "year": "2010"}}, {"model": "core.vehicleenrollment", "pk": 23, "fields": {"date_created": "2016-10-05T00:34:18.845Z", "date_modified": "2016-10-05T00:34:18.845Z", "is_deleted": false, "year": "2011"}}, {"model": "core.vehicleenrollment", "pk": 24, "fields": {"date_created": "2016-10-05T00:34:22.290Z", "date_modified": "2016-10-05T00:34:22.290Z", "is_deleted": false, "year": "2012"}}, {"model": "core.vehicleenrollment", "pk": 25, "fields": {"date_created": "2016-10-05T00:34:25.279Z", "date_modified": "2016-10-05T00:34:25.279Z", "is_deleted": false, "year": "2013"}}, {"model": "core.vehicleenrollment", "pk": 26, "fields": {"date_created": "2016-10-05T00:34:29.066Z", "date_modified": "2016-10-05T00:34:29.066Z", "is_deleted": false, "year": "2014"}}, {"model": "core.vehicleenrollment", "pk": 27, "fields": {"date_created": "2016-10-05T00:34:32.106Z", "date_modified": "2016-10-05T00:34:32.106Z", "is_deleted": false, "year": "2015"}}, {"model": "core.vehicleenrollment", "pk": 28, "fields": {"date_created": "2016-10-05T00:34:43.516Z", "date_modified": "2016-10-05T00:34:43.516Z", "is_deleted": false, "year": "2016"}}, {"model": "core.vehiclebrand", "pk": 1, "fields": {"date_created": "2016-10-04T23:47:56.099Z", "date_modified": "2016-10-04T23:47:56.099Z", "is_deleted": false, "name": "Abarth"}}, {"model": "core.vehiclebrand", "pk": 2, "fields": {"date_created": "2016-10-04T23:48:01.001Z", "date_modified": "2016-10-05T00:47:07.558Z", "is_deleted": false, "name": "Alfa Romero"}}, {"model": "core.vehiclebrand", "pk": 3, "fields": {"date_created": "2016-10-04T23:48:05.358Z", "date_modified": "2016-10-04T23:48:05.358Z", "is_deleted": false, "name": "Alpina"}}, {"model": "core.vehiclebrand", "pk": 4, "fields": {"date_created": "2016-10-04T23:48:11.131Z", "date_modified": "2016-10-04T23:48:11.131Z", "is_deleted": false, "name": "Aston Martin"}}, {"model": "core.vehiclebrand", "pk": 5, "fields": {"date_created": "2016-10-04T23:48:17.451Z", "date_modified": "2016-10-04T23:48:17.451Z", "is_deleted": false, "name": "Audi"}}, {"model": "core.vehiclebrand", "pk": 6, "fields": {"date_created": "2016-10-04T23:48:21.411Z", "date_modified": "2016-10-04T23:48:21.411Z", "is_deleted": false, "name": "Barkas"}}, {"model": "core.vehiclebrand", "pk": 7, "fields": {"date_created": "2016-10-04T23:48:27.003Z", "date_modified": "2016-10-04T23:48:27.003Z", "is_deleted": false, "name": "Bentley"}}, {"model": "core.vehiclebrand", "pk": 8, "fields": {"date_created": "2016-10-04T23:48:31.826Z", "date_modified": "2016-10-04T23:48:31.826Z", "is_deleted": false, "name": "BMW"}}, {"model": "core.vehiclebrand", "pk": 9, "fields": {"date_created": "2016-10-04T23:48:35.947Z", "date_modified": "2016-10-04T23:48:35.947Z", "is_deleted": false, "name": "Cadillac"}}, {"model": "core.vehiclebrand", "pk": 10, "fields": {"date_created": "2016-10-04T23:48:40.381Z", "date_modified": "2016-10-04T23:48:40.381Z", "is_deleted": false, "name": "Caterham"}}, {"model": "core.vehiclebrand", "pk": 11, "fields": {"date_created": "2016-10-04T23:48:48.570Z", "date_modified": "2016-10-04T23:48:48.570Z", "is_deleted": false, "name": "Chevrolet"}}, {"model": "core.vehiclebrand", "pk": 13, "fields": {"date_created": "2016-10-04T23:48:53.347Z", "date_modified": "2016-10-04T23:48:53.347Z", "is_deleted": false, "name": "Chrysler"}}, {"model": "core.vehiclebrand", "pk": 14, "fields": {"date_created": "2016-10-04T23:49:11.254Z", "date_modified": "2016-10-04T23:49:11.254Z", "is_deleted": false, "name": "Citroen"}}, {"model": "core.vehiclebrand", "pk": 15, "fields": {"date_created": "2016-10-04T23:49:17.220Z", "date_modified": "2016-10-04T23:49:17.220Z", "is_deleted": false, "name": "Corvette"}}, {"model": "core.vehiclebrand", "pk": 16, "fields": {"date_created": "2016-10-04T23:49:23.395Z", "date_modified": "2016-10-04T23:49:23.395Z", "is_deleted": false, "name": "Dacia"}}, {"model": "core.vehiclebrand", "pk": 17, "fields": {"date_created": "2016-10-04T23:49:27.749Z", "date_modified": "2016-10-04T23:49:27.749Z", "is_deleted": false, "name": "Daewoo"}}, {"model": "core.vehiclebrand", "pk": 18, "fields": {"date_created": "2016-10-04T23:49:34.024Z", "date_modified": "2016-10-04T23:49:34.024Z", "is_deleted": false, "name": "Daihatsu"}}, {"model": "core.vehiclebrand", "pk": 19, "fields": {"date_created": "2016-10-04T23:49:37.691Z", "date_modified": "2016-10-04T23:49:37.692Z", "is_deleted": false, "name": "Dodge"}}, {"model": "core.vehiclebrand", "pk": 20, "fields": {"date_created": "2016-10-04T23:49:42.589Z", "date_modified": "2016-10-04T23:49:42.589Z", "is_deleted": false, "name": "Ferrari"}}, {"model": "core.vehiclebrand", "pk": 21, "fields": {"date_created": "2016-10-04T23:49:54.438Z", "date_modified": "2016-10-04T23:49:54.438Z", "is_deleted": false, "name": "Fiat"}}, {"model": "core.vehiclebrand", "pk": 22, "fields": {"date_created": "2016-10-04T23:49:56.544Z", "date_modified": "2016-10-04T23:49:56.544Z", "is_deleted": false, "name": "Ford"}}, {"model": "core.vehiclebrand", "pk": 23, "fields": {"date_created": "2016-10-04T23:50:01.582Z", "date_modified": "2016-10-04T23:50:01.582Z", "is_deleted": false, "name": "Honda"}}, {"model": "core.vehiclebrand", "pk": 24, "fields": {"date_created": "2016-10-04T23:50:06.473Z", "date_modified": "2016-10-04T23:50:06.473Z", "is_deleted": false, "name": "Hummer"}}, {"model": "core.vehiclebrand", "pk": 25, "fields": {"date_created": "2016-10-04T23:50:11.813Z", "date_modified": "2016-10-04T23:50:11.813Z", "is_deleted": false, "name": "Hyundai"}}, {"model": "core.vehiclebrand", "pk": 26, "fields": {"date_created": "2016-10-04T23:50:17.638Z", "date_modified": "2016-10-04T23:50:17.638Z", "is_deleted": false, "name": "Infiniti"}}, {"model": "core.vehiclebrand", "pk": 27, "fields": {"date_created": "2016-10-04T23:50:26.317Z", "date_modified": "2016-10-04T23:50:26.317Z", "is_deleted": false, "name": "Isuzu"}}, {"model": "core.vehiclebrand", "pk": 28, "fields": {"date_created": "2016-10-04T23:50:31.096Z", "date_modified": "2016-10-04T23:50:31.096Z", "is_deleted": false, "name": "Iveco"}}, {"model": "core.vehiclebrand", "pk": 29, "fields": {"date_created": "2016-10-04T23:50:35.392Z", "date_modified": "2016-10-04T23:50:35.392Z", "is_deleted": false, "name": "Jaguar"}}, {"model": "core.vehiclebrand", "pk": 30, "fields": {"date_created": "2016-10-04T23:50:41.269Z", "date_modified": "2016-10-04T23:50:41.269Z", "is_deleted": false, "name": "Jeep"}}, {"model": "core.vehiclebrand", "pk": 31, "fields": {"date_created": "2016-10-04T23:50:47.152Z", "date_modified": "2016-10-04T23:50:47.152Z", "is_deleted": false, "name": "Kia"}}, {"model": "core.vehiclebrand", "pk": 32, "fields": {"date_created": "2016-10-04T23:50:58.241Z", "date_modified": "2016-10-04T23:50:58.241Z", "is_deleted": false, "name": "Lada"}}, {"model": "core.vehiclebrand", "pk": 33, "fields": {"date_created": "2016-10-04T23:51:03.293Z", "date_modified": "2016-10-04T23:51:03.293Z", "is_deleted": false, "name": "Lamborghini"}}, {"model": "core.vehiclebrand", "pk": 34, "fields": {"date_created": "2016-10-04T23:51:07.439Z", "date_modified": "2016-10-04T23:51:07.439Z", "is_deleted": false, "name": "Lancia"}}, {"model": "core.vehiclebrand", "pk": 35, "fields": {"date_created": "2016-10-04T23:51:12.257Z", "date_modified": "2016-10-04T23:51:12.257Z", "is_deleted": false, "name": "Land Rover"}}, {"model": "core.vehiclebrand", "pk": 36, "fields": {"date_created": "2016-10-04T23:51:16.908Z", "date_modified": "2016-10-04T23:51:16.908Z", "is_deleted": false, "name": "Lexus"}}, {"model": "core.vehiclebrand", "pk": 37, "fields": {"date_created": "2016-10-04T23:51:21.252Z", "date_modified": "2016-10-04T23:51:21.252Z", "is_deleted": false, "name": "Lotus"}}, {"model": "core.vehiclebrand", "pk": 38, "fields": {"date_created": "2016-10-04T23:51:25.586Z", "date_modified": "2016-10-04T23:51:25.586Z", "is_deleted": false, "name": "MAN"}}, {"model": "core.vehiclebrand", "pk": 39, "fields": {"date_created": "2016-10-04T23:51:30.500Z", "date_modified": "2016-10-04T23:51:30.501Z", "is_deleted": false, "name": "Maserati"}}, {"model": "core.vehiclebrand", "pk": 40, "fields": {"date_created": "2016-10-04T23:51:40.589Z", "date_modified": "2016-10-04T23:51:40.590Z", "is_deleted": false, "name": "Maybach"}}, {"model": "core.vehiclebrand", "pk": 41, "fields": {"date_created": "2016-10-04T23:51:43.797Z", "date_modified": "2016-10-04T23:51:43.797Z", "is_deleted": false, "name": "Mazda"}}, {"model": "core.vehiclebrand", "pk": 42, "fields": {"date_created": "2016-10-04T23:51:50.498Z", "date_modified": "2016-10-04T23:51:50.498Z", "is_deleted": false, "name": "Mercedes-Benz"}}, {"model": "core.vehiclebrand", "pk": 43, "fields": {"date_created": "2016-10-04T23:51:55.807Z", "date_modified": "2016-10-04T23:51:55.807Z", "is_deleted": false, "name": "MG Rover"}}, {"model": "core.vehiclebrand", "pk": 44, "fields": {"date_created": "2016-10-04T23:51:59.727Z", "date_modified": "2016-10-04T23:51:59.727Z", "is_deleted": false, "name": "MINI"}}, {"model": "core.vehiclebrand", "pk": 45, "fields": {"date_created": "2016-10-04T23:52:03.813Z", "date_modified": "2016-10-04T23:52:03.813Z", "is_deleted": false, "name": "Mitsubishi"}}, {"model": "core.vehiclebrand", "pk": 46, "fields": {"date_created": "2016-10-04T23:52:08.979Z", "date_modified": "2016-10-04T23:52:08.979Z", "is_deleted": false, "name": "Nissan"}}, {"model": "core.vehiclebrand", "pk": 47, "fields": {"date_created": "2016-10-04T23:52:13.516Z", "date_modified": "2016-10-04T23:52:13.516Z", "is_deleted": false, "name": "Opel"}}, {"model": "core.vehiclebrand", "pk": 48, "fields": {"date_created": "2016-10-04T23:54:42.158Z", "date_modified": "2016-10-04T23:54:42.158Z", "is_deleted": false, "name": "Peugeot"}}, {"model": "core.vehiclebrand", "pk": 49, "fields": {"date_created": "2016-10-04T23:54:52.378Z", "date_modified": "2016-10-04T23:54:52.378Z", "is_deleted": false, "name": "Piaggio (Vespa)"}}, {"model": "core.vehiclebrand", "pk": 50, "fields": {"date_created": "2016-10-04T23:55:02.495Z", "date_modified": "2016-10-04T23:55:02.495Z", "is_deleted": false, "name": "Pontiac"}}, {"model": "core.vehiclebrand", "pk": 51, "fields": {"date_created": "2016-10-04T23:55:06.412Z", "date_modified": "2016-10-04T23:55:06.412Z", "is_deleted": false, "name": "Porsche"}}, {"model": "core.vehiclebrand", "pk": 52, "fields": {"date_created": "2016-10-04T23:55:10.558Z", "date_modified": "2016-10-04T23:55:10.558Z", "is_deleted": false, "name": "Renault"}}, {"model": "core.vehiclebrand", "pk": 53, "fields": {"date_created": "2016-10-04T23:55:15.635Z", "date_modified": "2016-10-04T23:55:15.635Z", "is_deleted": false, "name": "Rolls Royce"}}, {"model": "core.vehiclebrand", "pk": 54, "fields": {"date_created": "2016-10-04T23:55:20.118Z", "date_modified": "2016-10-04T23:55:20.118Z", "is_deleted": false, "name": "Saab"}}, {"model": "core.vehiclebrand", "pk": 55, "fields": {"date_created": "2016-10-04T23:55:32.914Z", "date_modified": "2016-10-04T23:55:32.914Z", "is_deleted": false, "name": "Seat"}}, {"model": "core.vehiclebrand", "pk": 56, "fields": {"date_created": "2016-10-04T23:55:38.126Z", "date_modified": "2016-10-04T23:55:38.126Z", "is_deleted": false, "name": "Skoda"}}, {"model": "core.vehiclebrand", "pk": 57, "fields": {"date_created": "2016-10-04T23:55:42.970Z", "date_modified": "2016-10-04T23:55:42.970Z", "is_deleted": false, "name": "Smart"}}, {"model": "core.vehiclebrand", "pk": 58, "fields": {"date_created": "2016-10-04T23:55:48.952Z", "date_modified": "2016-10-04T23:55:48.952Z", "is_deleted": false, "name": "Ssangyong"}}, {"model": "core.vehiclebrand", "pk": 59, "fields": {"date_created": "2016-10-04T23:55:53.428Z", "date_modified": "2016-10-04T23:55:53.428Z", "is_deleted": false, "name": "Subaru"}}, {"model": "core.vehiclebrand", "pk": 60, "fields": {"date_created": "2016-10-04T23:55:58.104Z", "date_modified": "2016-10-04T23:55:58.104Z", "is_deleted": false, "name": "Suzuki"}}, {"model": "core.vehiclebrand", "pk": 61, "fields": {"date_created": "2016-10-04T23:56:04.557Z", "date_modified": "2016-10-04T23:56:04.557Z", "is_deleted": false, "name": "Tata"}}, {"model": "core.vehiclebrand", "pk": 62, "fields": {"date_created": "2016-10-04T23:56:14.636Z", "date_modified": "2016-10-04T23:56:14.636Z", "is_deleted": false, "name": "Toyota"}}, {"model": "core.vehiclebrand", "pk": 63, "fields": {"date_created": "2016-10-04T23:56:18.559Z", "date_modified": "2016-10-04T23:56:18.559Z", "is_deleted": false, "name": "Volkswagen"}}, {"model": "core.vehiclebrand", "pk": 64, "fields": {"date_created": "2016-10-04T23:56:23.478Z", "date_modified": "2016-10-04T23:56:23.478Z", "is_deleted": false, "name": "Volvo"}}, {"model": "core.vehiclebrand", "pk": 65, "fields": {"date_created": "2016-10-04T23:56:30.300Z", "date_modified": "2016-10-04T23:56:30.300Z", "is_deleted": false, "name": "Westfield"}}, {"model": "core.vehiclemodel", "pk": 1, "fields": {"date_created": "2016-10-06T02:06:44.850Z", "date_modified": "2016-10-06T02:06:44.851Z", "is_deleted": false, "brand": 62, "name": "Auris"}}, {"model": "core.vehiclefuel", "pk": 1, "fields": {"date_created": "2016-10-08T00:49:52.171Z", "date_modified": "2016-10-08T00:49:52.171Z", "is_deleted": false, "unit_transport": 9, "name": "E"}}, {"model": "core.vehiclefuel", "pk": 2, "fields": {"date_created": "2016-10-08T00:50:04.924Z", "date_modified": "2016-10-08T00:50:04.924Z", "is_deleted": false, "unit_transport": 9, "name": "1/8"}}, {"model": "core.vehiclefuel", "pk": 3, "fields": {"date_created": "2016-10-08T00:50:13.132Z", "date_modified": "2016-10-08T00:50:13.132Z", "is_deleted": false, "unit_transport": 9, "name": "1/4"}}, {"model": "core.vehiclefuel", "pk": 4, "fields": {"date_created": "2016-10-08T00:50:25.284Z", "date_modified": "2016-10-08T00:50:25.284Z", "is_deleted": false, "unit_transport": 9, "name": "3/8"}}, {"model": "core.vehiclefuel", "pk": 5, "fields": {"date_created": "2016-10-08T00:50:34.901Z", "date_modified": "2016-10-08T00:50:34.901Z", "is_deleted": false, "unit_transport": 9, "name": "1/2"}}, {"model": "core.vehiclefuel", "pk": 6, "fields": {"date_created": "2016-10-08T00:50:43.826Z", "date_modified": "2016-10-08T00:50:43.826Z", "is_deleted": false, "unit_transport": 9, "name": "5/8"}}, {"model": "core.vehiclefuel", "pk": 7, "fields": {"date_created": "2016-10-08T00:50:53.105Z", "date_modified": "2016-10-08T00:50:53.105Z", "is_deleted": false, "unit_transport": 9, "name": "3/4"}}, {"model": "core.vehiclefuel", "pk": 8, "fields": {"date_created": "2016-10-08T00:51:21.240Z", "date_modified": "2016-10-08T00:51:21.240Z", "is_deleted": false, "unit_transport": 9, "name": "7/8"}}, {"model": "core.vehiclefuel", "pk": 9, "fields": {"date_created": "2016-10-08T00:51:27.821Z", "date_modified": "2016-10-08T00:51:27.821Z", "is_deleted": false, "unit_transport": 9, "name": "F"}}, {"model": "core.purchasecondition", "pk": 1, "fields": {"date_created": "2016-10-08T01:36:21.683Z", "date_modified": "2016-10-21T02:35:54.636Z", "is_deleted": false, "name": "EFECTIVO"}}, {"model": "core.purchasecondition", "pk": 2, "fields": {"date_created": "2016-10-08T01:36:29.977Z", "date_modified": "2016-10-21T02:36:05.070Z", "is_deleted": false, "name": "CREDITO"}}, {"model": "core.taxconfiguration", "pk": 1, "fields": {"date_created": "2016-10-21T03:03:14.364Z", "date_modified": "2016-10-21T03:03:14.364Z", "is_deleted": false, "name": "IGV", "value": "0.18"}}, {"model": "core.productbrand", "pk": 1, "fields": {"date_created": "2016-10-06T01:44:49.540Z", "date_modified": "2016-10-06T01:44:49.540Z", "is_deleted": false, "name": "marca product1"}}, {"model": "core.productbrand", "pk": 2, "fields": {"date_created": "2016-10-06T01:44:57.990Z", "date_modified": "2016-10-06T01:44:57.990Z", "is_deleted": false, "name": "marca product2"}}, {"model": "core.productmodel", "pk": 1, "fields": {"date_created": "2016-10-06T01:46:09.095Z", "date_modified": "2016-10-06T01:46:09.095Z", "is_deleted": false, "brand": 1, "name": "model product11"}}, {"model": "core.productmodel", "pk": 2, "fields": {"date_created": "2016-10-06T01:46:15.944Z", "date_modified": "2016-10-06T01:46:15.945Z", "is_deleted": false, "brand": 1, "name": "model product12"}}, {"model": "core.productmodel", "pk": 3, "fields": {"date_created": "2016-10-06T01:46:23.149Z", "date_modified": "2016-10-06T01:46:23.149Z", "is_deleted": false, "brand": 2, "name": "model product21"}}, {"model": "core.productmodel", "pk": 4, "fields": {"date_created": "2016-10-06T01:46:28.105Z", "date_modified": "2016-10-06T01:46:28.105Z", "is_deleted": false, "brand": 2, "name": "model product22"}}, {"model": "core.currency", "pk": 1, "fields": {"date_created": "2016-10-04T23:22:34.367Z", "date_modified": "2016-10-08T02:39:38.896Z", "is_deleted": false, "sk": "001", "code": "PEN", "name": "SOLES", "is_fund": true, "is_complimentary": true, "is_metal": true}}, {"model": "core.exchangerate", "pk": 1, "fields": {"date_created": "2016-10-04T23:22:54.218Z", "date_modified": "2016-10-08T03:17:31.073Z", "is_deleted": false, "currency": 1, "exchange_rate": "1.00", "start_date": "2016-10-08T00:00:00Z", "end_date": null}}, {"model": "core.vehicleinventory", "pk": 1, "fields": {"date_created": "2016-10-05T10:38:50.417Z", "date_modified": "2016-10-05T10:38:50.417Z", "is_deleted": false, "name": "Tarjeta de Propiedad"}}, {"model": "core.vehicleinventory", "pk": 2, "fields": {"date_created": "2016-10-05T10:38:55.269Z", "date_modified": "2016-10-05T10:38:55.269Z", "is_deleted": false, "name": "Tarjeta P\u00f3liza Soat"}}, {"model": "core.vehicleinventory", "pk": 3, "fields": {"date_created": "2016-10-05T10:38:59.602Z", "date_modified": "2016-10-05T10:38:59.602Z", "is_deleted": false, "name": "Claxon Oper\u00e1tico"}}, {"model": "core.vehicleinventory", "pk": 4, "fields": {"date_created": "2016-10-05T10:39:03.639Z", "date_modified": "2016-10-05T10:39:03.639Z", "is_deleted": false, "name": "Encendedor"}}, {"model": "core.vehicleinventory", "pk": 5, "fields": {"date_created": "2016-10-05T10:39:07.791Z", "date_modified": "2016-10-05T10:39:07.791Z", "is_deleted": false, "name": "Limpia Parabrisa"}}, {"model": "core.vehicleinventory", "pk": 6, "fields": {"date_created": "2016-10-05T10:39:11.799Z", "date_modified": "2016-10-05T10:39:11.799Z", "is_deleted": false, "name": "Antena de Radio"}}, {"model": "core.vehicleinventory", "pk": 7, "fields": {"date_created": "2016-10-05T10:39:15.713Z", "date_modified": "2016-10-05T10:39:15.713Z", "is_deleted": false, "name": "Espejo Interior"}}, {"model": "core.vehicleinventory", "pk": 8, "fields": {"date_created": "2016-10-05T10:39:19.819Z", "date_modified": "2016-10-05T10:39:19.819Z", "is_deleted": false, "name": "Espejos Exteriores"}}, {"model": "core.vehicleinventory", "pk": 9, "fields": {"date_created": "2016-10-05T10:39:24.137Z", "date_modified": "2016-10-05T10:43:18.684Z", "is_deleted": false, "name": "Radio Cassette"}}, {"model": "core.vehicleinventory", "pk": 10, "fields": {"date_created": "2016-10-05T10:39:28.731Z", "date_modified": "2016-10-05T10:39:28.731Z", "is_deleted": false, "name": "Tapa de Combustible"}}, {"model": "core.vehicleinventory", "pk": 11, "fields": {"date_created": "2016-10-05T10:39:32.749Z", "date_modified": "2016-10-05T10:39:32.749Z", "is_deleted": false, "name": "Sobre Pisos"}}, {"model": "core.vehicleinventory", "pk": 12, "fields": {"date_created": "2016-10-05T10:39:38.095Z", "date_modified": "2016-10-05T10:39:38.095Z", "is_deleted": false, "name": "Antivuelco interiorCirculina"}}, {"model": "core.vehicleinventory", "pk": 13, "fields": {"date_created": "2016-10-05T10:39:42.267Z", "date_modified": "2016-10-05T10:39:42.267Z", "is_deleted": false, "name": "Pertiga"}}, {"model": "core.vehicleinventory", "pk": 14, "fields": {"date_created": "2016-10-05T10:39:46.322Z", "date_modified": "2016-10-05T10:39:46.322Z", "is_deleted": false, "name": "Gata"}}, {"model": "core.vehicleinventory", "pk": 15, "fields": {"date_created": "2016-10-05T10:39:50.639Z", "date_modified": "2016-10-05T10:39:50.639Z", "is_deleted": false, "name": "Palanca"}}, {"model": "core.vehicleinventory", "pk": 16, "fields": {"date_created": "2016-10-05T10:39:55.439Z", "date_modified": "2016-10-05T10:39:55.439Z", "is_deleted": false, "name": "Llanta de Repuesto"}}, {"model": "core.vehicleinventory", "pk": 17, "fields": {"date_created": "2016-10-05T10:39:59.830Z", "date_modified": "2016-10-05T10:39:59.830Z", "is_deleted": false, "name": "Extintor"}}, {"model": "core.vehicleinventory", "pk": 18, "fields": {"date_created": "2016-10-05T10:40:04.068Z", "date_modified": "2016-10-05T10:40:04.068Z", "is_deleted": false, "name": "Escarpines"}}, {"model": "core.vehicleinventory", "pk": 19, "fields": {"date_created": "2016-10-05T10:40:09.677Z", "date_modified": "2016-10-05T10:40:09.678Z", "is_deleted": false, "name": "Faros Neblineros"}}, {"model": "core.vehicleinventory", "pk": 20, "fields": {"date_created": "2016-10-05T10:40:13.815Z", "date_modified": "2016-10-05T10:40:13.815Z", "is_deleted": false, "name": "Faros retroceso"}}, {"model": "core.vehicleinventory", "pk": 21, "fields": {"date_created": "2016-10-05T10:40:17.838Z", "date_modified": "2016-10-05T10:43:27.217Z", "is_deleted": false, "name": "Cono (2)"}}, {"model": "core.vehicleinventory", "pk": 22, "fields": {"date_created": "2016-10-05T10:40:23.903Z", "date_modified": "2016-10-05T10:46:18.405Z", "is_deleted": false, "name": "Vasos, Copas"}}, {"model": "core.vehicleinventory", "pk": 23, "fields": {"date_created": "2016-10-05T10:40:40.153Z", "date_modified": "2016-10-05T10:40:40.153Z", "is_deleted": false, "name": "Llave de rueda"}}, {"model": "core.vehicleinventory", "pk": 24, "fields": {"date_created": "2016-10-05T10:40:49.116Z", "date_modified": "2016-10-05T10:40:49.116Z", "is_deleted": false, "name": "Cable de Bateria"}}, {"model": "core.vehicleinventory", "pk": 25, "fields": {"date_created": "2016-10-05T10:40:53.748Z", "date_modified": "2016-10-05T10:42:48.246Z", "is_deleted": false, "name": "Cenicero"}}, {"model": "core.vehicleinventory", "pk": 26, "fields": {"date_created": "2016-10-05T10:40:59.224Z", "date_modified": "2016-10-05T10:40:59.224Z", "is_deleted": false, "name": "Aire Acondicionado"}}, {"model": "core.vehicleinventory", "pk": 27, "fields": {"date_created": "2016-10-05T10:41:03.880Z", "date_modified": "2016-10-05T10:41:03.880Z", "is_deleted": false, "name": "Triangulo de Seguridad"}}, {"model": "core.vehicleinventory", "pk": 28, "fields": {"date_created": "2016-10-05T10:41:08.410Z", "date_modified": "2016-10-05T10:41:08.410Z", "is_deleted": false, "name": "Parabrisas"}}, {"model": "core.vehicleinventory", "pk": 29, "fields": {"date_created": "2016-10-05T10:41:15.485Z", "date_modified": "2016-10-05T10:41:15.485Z", "is_deleted": false, "name": "Parachoque posterior"}}, {"model": "core.vehicleinventory", "pk": 30, "fields": {"date_created": "2016-10-05T10:41:19.902Z", "date_modified": "2016-10-05T10:41:19.902Z", "is_deleted": false, "name": "Parlantes"}}, {"model": "core.vehicleinventory", "pk": 31, "fields": {"date_created": "2016-10-05T10:41:25.968Z", "date_modified": "2016-10-05T10:46:11.549Z", "is_deleted": false, "name": "Emblema, Logo"}}, {"model": "core.vehicleinventory", "pk": 32, "fields": {"date_created": "2016-10-05T10:41:30.365Z", "date_modified": "2016-10-05T10:41:30.365Z", "is_deleted": false, "name": "Botiquin"}}, {"model": "core.vehicleinventory", "pk": 33, "fields": {"date_created": "2016-10-05T10:41:34.596Z", "date_modified": "2016-10-05T10:41:34.596Z", "is_deleted": false, "name": "Mica Luz de Salon"}}, {"model": "core.vehicleinventory", "pk": 34, "fields": {"date_created": "2016-10-05T10:41:38.600Z", "date_modified": "2016-10-05T10:41:38.600Z", "is_deleted": false, "name": "Ojo de Gato"}}, {"model": "core.vehicleinventory", "pk": 35, "fields": {"date_created": "2016-10-05T10:41:42.861Z", "date_modified": "2016-10-05T10:41:42.861Z", "is_deleted": false, "name": "Cinturon de Seguridad"}}, {"model": "core.vehicleinventory", "pk": 36, "fields": {"date_created": "2016-10-05T10:41:47.338Z", "date_modified": "2016-10-05T10:41:47.338Z", "is_deleted": false, "name": "Cable de Remolque"}}, {"model": "core.vehicleinventory", "pk": 37, "fields": {"date_created": "2016-10-05T10:41:52.082Z", "date_modified": "2016-10-05T10:41:52.082Z", "is_deleted": false, "name": "Seguro de Rueda"}}, {"model": "core.vehicleinventory", "pk": 38, "fields": {"date_created": "2016-10-05T10:41:56.858Z", "date_modified": "2016-10-05T10:46:00.759Z", "is_deleted": false, "name": "Mascara Radio CD"}}, {"model": "core.vehicleinventory", "pk": 39, "fields": {"date_created": "2016-10-05T10:42:15.859Z", "date_modified": "2016-10-05T10:46:05.965Z", "is_deleted": false, "name": "Manija Interior"}}, {"model": "core.service", "pk": 1, "fields": {"date_created": "2016-10-04T23:23:08.846Z", "date_modified": "2016-10-04T23:23:08.846Z", "is_deleted": false, "name": "matenimiento"}}, {"model": "core.service", "pk": 2, "fields": {"date_created": "2016-10-04T23:23:15.220Z", "date_modified": "2016-10-04T23:23:15.220Z", "is_deleted": false, "name": "Alquileres"}}, {"model": "core.store", "pk": 1, "fields": {"date_created": "2016-10-05T13:20:17.908Z", "date_modified": "2016-10-05T13:20:17.909Z", "is_deleted": false, "name": "Almacen Lima", "is_principal": true}}, {"model": "core.store", "pk": 2, "fields": {"date_created": "2016-10-23T13:20:59.512Z", "date_modified": "2016-10-23T13:20:59.519Z", "is_deleted": false, "name": "Almacen Cerro Pasco", "is_principal": false}}, {"model": "core.person", "pk": 1, "fields": {"date_created": "2016-10-08T13:55:16.810Z", "date_modified": "2016-10-08T13:55:16.811Z", "is_deleted": false, "first_name": "jona", "last_name": "quiza", "email": "jonap.developer@gmail.com", "address": "", "home_phone": "1111", "mobile_phone": "22222", "document_type": "DOC-1", "document_number": "458541", "person_tribute": "PERS-1", "is_client": true, "is_taxi_driver": false}}, {"model": "zone.zone", "pk": 1, "fields": {"date_created": "2016-10-08T18:16:36.189Z", "date_modified": "2016-10-08T18:16:36.189Z", "is_deleted": false, "name": "zone1"}}, {"model": "zone.zone", "pk": 2, "fields": {"date_created": "2016-10-08T18:16:46.818Z", "date_modified": "2016-10-08T18:16:46.818Z", "is_deleted": false, "name": "zone2"}}, {"model": "zone.zone", "pk": 3, "fields": {"date_created": "2016-10-08T23:02:50.446Z", "date_modified": "2016-10-08T23:02:50.446Z", "is_deleted": false, "name": "zone3"}}, {"model": "zone.country", "pk": 1, "fields": {"date_created": "2016-10-08T18:17:07.083Z", "date_modified": "2016-10-09T00:05:57.523Z", "is_deleted": false, "zone": 1, "name": "country11", "code": "", "state": "", "iso_code": ""}}, {"model": "zone.country", "pk": 2, "fields": {"date_created": "2016-10-08T18:17:26.682Z", "date_modified": "2016-10-08T18:17:26.682Z", "is_deleted": false, "zone": 1, "name": "country12", "code": "", "state": "", "iso_code": ""}}, {"model": "zone.country", "pk": 3, "fields": {"date_created": "2016-10-08T18:17:46.569Z", "date_modified": "2016-10-08T18:17:46.569Z", "is_deleted": false, "zone": 2, "name": "country21", "code": "", "state": "", "iso_code": ""}}, {"model": "zone.country", "pk": 4, "fields": {"date_created": "2016-10-08T18:17:52.155Z", "date_modified": "2016-10-08T18:17:52.155Z", "is_deleted": false, "zone": 2, "name": "country22", "code": "", "state": "", "iso_code": ""}}, {"model": "zone.country", "pk": 5, "fields": {"date_created": "2016-10-08T23:04:17.881Z", "date_modified": "2016-10-08T23:04:17.881Z", "is_deleted": false, "zone": 3, "name": "country31", "code": "", "state": "", "iso_code": ""}}, {"model": "zone.country", "pk": 6, "fields": {"date_created": "2016-10-09T00:55:38.968Z", "date_modified": "2016-10-09T00:55:38.968Z", "is_deleted": false, "zone": 3, "name": "country32", "code": "", "state": "", "iso_code": ""}}, {"model": "zone.state", "pk": 1, "fields": {"date_created": "2016-10-08T23:04:55.582Z", "date_modified": "2016-10-09T10:13:12.590Z", "is_deleted": false, "zone": 1, "country": 1, "name": "state11"}}, {"model": "zone.state", "pk": 2, "fields": {"date_created": "2016-10-09T00:17:46.347Z", "date_modified": "2016-10-09T00:17:46.347Z", "is_deleted": false, "zone": 2, "country": 3, "name": "state21"}}, {"model": "zone.state", "pk": 3, "fields": {"date_created": "2016-10-09T00:54:32.585Z", "date_modified": "2016-10-09T00:54:32.585Z", "is_deleted": false, "zone": 3, "country": 5, "name": "state31"}}, {"model": "zone.state", "pk": 4, "fields": {"date_created": "2016-10-09T00:56:08.342Z", "date_modified": "2016-10-09T00:56:08.342Z", "is_deleted": false, "zone": 3, "country": 5, "name": "state0"}}, {"model": "zone.state", "pk": 6, "fields": {"date_created": "2016-10-09T01:56:12.054Z", "date_modified": "2016-10-09T01:57:47.103Z", "is_deleted": false, "zone": 3, "country": 5, "name": "statemm"}}, {"model": "zone.state", "pk": 7, "fields": {"date_created": "2016-10-09T11:53:24.845Z", "date_modified": "2016-10-09T11:53:24.845Z", "is_deleted": false, "zone": 3, "country": 5, "name": "statemm0"}}, {"model": "team.module", "pk": 1, "fields": {"date_created": "2016-10-06T17:49:07.736Z", "date_modified": "2016-10-13T15:58:09.836Z", "is_deleted": false, "name": "Talleres"}}, {"model": "team.module", "pk": 3, "fields": {"date_created": "2016-10-06T18:04:25.218Z", "date_modified": "2016-10-13T22:48:24.254Z", "is_deleted": false, "name": "Company"}}, {"model": "team.module", "pk": 4, "fields": {"date_created": "2016-10-06T18:04:37.797Z", "date_modified": "2016-10-06T18:04:37.797Z", "is_deleted": false, "name": "core"}}, {"model": "team.module", "pk": 5, "fields": {"date_created": "2016-10-06T18:04:47.346Z", "date_modified": "2016-10-06T18:04:47.346Z", "is_deleted": false, "name": "usuarios"}}, {"model": "team.module", "pk": 6, "fields": {"date_created": "2016-10-06T18:04:55.404Z", "date_modified": "2016-10-06T18:04:55.404Z", "is_deleted": false, "name": "logistica"}}, {"model": "team.module", "pk": 7, "fields": {"date_created": "2016-10-06T18:04:58.538Z", "date_modified": "2016-10-06T18:04:58.538Z", "is_deleted": false, "name": "menu"}}, {"model": "team.module", "pk": 8, "fields": {"date_created": "2016-10-06T18:05:07.744Z", "date_modified": "2016-10-06T18:05:07.744Z", "is_deleted": false, "name": "productos"}}, {"model": "team.module", "pk": 10, "fields": {"date_created": "2016-10-06T18:05:22.851Z", "date_modified": "2016-10-06T18:05:22.851Z", "is_deleted": false, "name": "almacen"}}, {"model": "team.module", "pk": 11, "fields": {"date_created": "2016-10-06T18:05:29.786Z", "date_modified": "2016-10-06T18:05:29.786Z", "is_deleted": false, "name": "proveedores"}}, {"model": "team.module", "pk": 12, "fields": {"date_created": "2016-10-06T18:05:42.433Z", "date_modified": "2016-10-06T18:05:42.434Z", "is_deleted": false, "name": "vehiculos"}}, {"model": "team.module", "pk": 13, "fields": {"date_created": "2016-10-06T18:05:49.059Z", "date_modified": "2016-10-06T18:05:59.805Z", "is_deleted": false, "name": "grupos"}}, {"model": "team.team", "pk": 1, "fields": {"date_created": "2016-10-13T20:07:56.322Z", "date_modified": "2016-10-14T01:17:28.901Z", "is_deleted": false, "name": "sistemas", "module": [1, 3, 4, 5, 6, 7, 8, 10, 11, 12, 13]}}, {"model": "team.team", "pk": 2, "fields": {"date_created": "2016-10-13T20:08:03.367Z", "date_modified": "2016-10-14T01:18:01.239Z", "is_deleted": false, "name": "tecnico", "module": [1]}}, {"model": "menu.menupermissions", "pk": 1, "fields": {"date_created": "2016-10-14T09:05:05.668Z", "date_modified": "2016-10-14T09:05:05.668Z", "is_deleted": false, "name": "Crear"}}, {"model": "menu.menupermissions", "pk": 2, "fields": {"date_created": "2016-10-14T09:05:11.556Z", "date_modified": "2016-10-14T09:05:51.017Z", "is_deleted": false, "name": "Editar"}}, {"model": "menu.menupermissions", "pk": 3, "fields": {"date_created": "2016-10-14T09:05:17.350Z", "date_modified": "2016-10-14T09:05:17.350Z", "is_deleted": false, "name": "Eliminar"}}, {"model": "menu.menu", "pk": 1, "fields": {"date_created": "2016-10-10T13:44:12.978Z", "date_modified": "2016-10-10T18:02:56.686Z", "is_deleted": false, "name": "Menu", "style": "", "match": "#", "is_active": false, "order": 0}}, {"model": "menu.menu", "pk": 2, "fields": {"date_created": "2016-10-10T13:48:02.290Z", "date_modified": "2016-10-14T18:25:55.233Z", "is_deleted": false, "name": "Productos", "style": "", "match": "#", "is_active": false, "order": 0}}, {"model": "menu.menu", "pk": 3, "fields": {"date_created": "2016-10-10T18:02:44.788Z", "date_modified": "2016-10-10T18:03:56.467Z", "is_deleted": false, "name": "Administrator", "style": "", "match": "#", "is_active": false, "order": 0}}, {"model": "menu.menu", "pk": 4, "fields": {"date_created": "2016-10-10T18:03:30.702Z", "date_modified": "2016-10-10T18:03:30.702Z", "is_deleted": false, "name": "Usuario", "style": "", "match": "#", "is_active": false, "order": 0}}, {"model": "menu.menu", "pk": 5, "fields": {"date_created": "2016-10-10T18:03:43.860Z", "date_modified": "2016-10-10T18:04:01.566Z", "is_deleted": false, "name": "Zona", "style": "", "match": "#", "is_active": false, "order": 0}}, {"model": "menu.menu", "pk": 6, "fields": {"date_created": "2016-10-13T23:30:41.896Z", "date_modified": "2016-10-14T18:26:55.255Z", "is_deleted": false, "name": "Grupos", "style": "", "match": "#", "is_active": false, "order": 0}}, {"model": "menu.menu", "pk": 8, "fields": {"date_created": "2016-10-14T18:26:41.895Z", "date_modified": "2016-10-14T18:26:41.895Z", "is_deleted": false, "name": "Organizacion", "style": "", "match": "#", "is_active": false, "order": 0}}, {"model": "menu.menu", "pk": 9, "fields": {"date_created": "2016-10-14T18:26:48.471Z", "date_modified": "2016-10-14T18:27:01.352Z", "is_deleted": false, "name": "Proveedores", "style": "", "match": "#", "is_active": false, "order": 0}}, {"model": "menu.menu", "pk": 10, "fields": {"date_created": "2016-10-14T18:27:11.885Z", "date_modified": "2016-10-14T18:27:11.885Z", "is_deleted": false, "name": "Vehiculos", "style": "", "match": "#", "is_active": false, "order": 0}}, {"model": "menu.menuitem", "pk": 1, "fields": {"date_created": "2016-10-10T18:24:23.501Z", "date_modified": "2016-10-10T18:24:23.501Z", "is_deleted": false, "name": "Menu", "style": "", "match": "#", "is_active": false, "menu": 1, "reference": "Menu:list", "order": 0}}, {"model": "menu.menuitem", "pk": 2, "fields": {"date_created": "2016-10-10T18:25:31.773Z", "date_modified": "2016-10-10T18:25:31.773Z", "is_deleted": false, "name": "SubMenu", "style": "", "match": "#", "is_active": false, "menu": 1, "reference": "SubMenu:list", "order": 0}}, {"model": "menu.menuitem", "pk": 3, "fields": {"date_created": "2016-10-10T18:26:49.245Z", "date_modified": "2016-10-10T18:26:49.245Z", "is_deleted": false, "name": "Categoria", "style": "", "match": "#", "is_active": false, "menu": 2, "reference": "Category:list", "order": 0}}, {"model": "menu.menuitem", "pk": 4, "fields": {"date_created": "2016-10-10T18:27:06.167Z", "date_modified": "2016-10-10T18:27:06.167Z", "is_deleted": false, "name": "Subcategory", "style": "", "match": "#", "is_active": false, "menu": 2, "reference": "Subcategory:list", "order": 0}}, {"model": "menu.menuitem", "pk": 5, "fields": {"date_created": "2016-10-10T18:27:19.963Z", "date_modified": "2016-10-10T18:27:19.964Z", "is_deleted": false, "name": "Product", "style": "", "match": "#", "is_active": false, "menu": 2, "reference": "Product:list", "order": 0}}, {"model": "menu.menuitem", "pk": 6, "fields": {"date_created": "2016-10-10T18:27:58.931Z", "date_modified": "2016-10-10T18:27:58.931Z", "is_deleted": false, "name": "Zona", "style": "", "match": "#", "is_active": false, "menu": 5, "reference": "Zone:list", "order": 0}}, {"model": "menu.menuitem", "pk": 7, "fields": {"date_created": "2016-10-10T18:28:33.262Z", "date_modified": "2016-10-10T18:28:33.262Z", "is_deleted": false, "name": "Country", "style": "", "match": "#", "is_active": false, "menu": 5, "reference": "Country:list", "order": 0}}, {"model": "menu.menuitem", "pk": 8, "fields": {"date_created": "2016-10-10T18:29:09.229Z", "date_modified": "2016-10-10T18:29:09.229Z", "is_deleted": false, "name": "State", "style": "", "match": "#", "is_active": false, "menu": 5, "reference": "State:list", "order": 0}}, {"model": "menu.menuitem", "pk": 9, "fields": {"date_created": "2016-10-10T18:30:41.743Z", "date_modified": "2016-10-10T18:30:41.743Z", "is_deleted": false, "name": "Unidades", "style": "", "match": "#", "is_active": false, "menu": 3, "reference": "UnitMeasurement:list", "order": 0}}, {"model": "menu.menuitem", "pk": 10, "fields": {"date_created": "2016-10-10T18:31:16.278Z", "date_modified": "2016-10-10T18:31:16.278Z", "is_deleted": false, "name": "Inscripci\u00f3n de Veh\u00edculos", "style": "", "match": "#", "is_active": false, "menu": 3, "reference": "VehicleEnrollment:list", "order": 0}}, {"model": "menu.menuitem", "pk": 11, "fields": {"date_created": "2016-10-10T18:31:56.647Z", "date_modified": "2016-10-10T18:31:56.647Z", "is_deleted": false, "name": "Marca de Veh\u00edculos", "style": "", "match": "#", "is_active": false, "menu": 3, "reference": "VehicleBrand:list", "order": 0}}, {"model": "menu.menuitem", "pk": 12, "fields": {"date_created": "2016-10-10T18:32:17.768Z", "date_modified": "2016-10-10T18:32:17.768Z", "is_deleted": false, "name": "Modelo de Veh\u00edculos", "style": "", "match": "#", "is_active": false, "menu": 3, "reference": "VehicleModel:list", "order": 0}}, {"model": "menu.menuitem", "pk": 13, "fields": {"date_created": "2016-10-10T18:32:40.418Z", "date_modified": "2016-10-10T18:32:40.418Z", "is_deleted": false, "name": "Combustible de Veh\u00edculos", "style": "", "match": "#", "is_active": false, "menu": 3, "reference": "VehicleFuel:list", "order": 0}}, {"model": "menu.menuitem", "pk": 14, "fields": {"date_created": "2016-10-10T18:33:05.787Z", "date_modified": "2016-10-10T18:33:05.787Z", "is_deleted": false, "name": "Inventario de Veh\u00edculos", "style": "", "match": "#", "is_active": false, "menu": 3, "reference": "VehicleInventory:list", "order": 0}}, {"model": "menu.menuitem", "pk": 15, "fields": {"date_created": "2016-10-10T18:33:42.412Z", "date_modified": "2016-10-10T18:33:42.412Z", "is_deleted": false, "name": "Condici\u00f3n de compra", "style": "", "match": "#", "is_active": false, "menu": 3, "reference": "PurchaseCondition:list", "order": 0}}, {"model": "menu.menuitem", "pk": 16, "fields": {"date_created": "2016-10-10T18:34:00.301Z", "date_modified": "2016-10-10T18:34:00.301Z", "is_deleted": false, "name": "Marca de Producto", "style": "", "match": "#", "is_active": false, "menu": 3, "reference": "ProductBrand:list", "order": 0}}, {"model": "menu.menuitem", "pk": 17, "fields": {"date_created": "2016-10-10T18:34:20.561Z", "date_modified": "2016-10-10T18:34:20.561Z", "is_deleted": false, "name": "Modelo de Producto", "style": "", "match": "#", "is_active": false, "menu": 3, "reference": "ProductModel:list", "order": 0}}, {"model": "menu.menuitem", "pk": 18, "fields": {"date_created": "2016-10-10T18:37:28.899Z", "date_modified": "2016-10-10T18:37:28.899Z", "is_deleted": false, "name": "Moneda", "style": "", "match": "#", "is_active": false, "menu": 3, "reference": "Currency:list", "order": 0}}, {"model": "menu.menuitem", "pk": 19, "fields": {"date_created": "2016-10-10T18:38:58.083Z", "date_modified": "2016-10-10T18:38:58.083Z", "is_deleted": false, "name": "Tipo de Cambio", "style": "", "match": "#", "is_active": false, "menu": 3, "reference": "ExchangeRate:list", "order": 0}}, {"model": "menu.menuitem", "pk": 20, "fields": {"date_created": "2016-10-10T18:39:20.737Z", "date_modified": "2016-10-10T18:39:20.737Z", "is_deleted": false, "name": "Servicios", "style": "", "match": "#", "is_active": false, "menu": 3, "reference": "Service:list", "order": 0}}, {"model": "menu.menuitem", "pk": 21, "fields": {"date_created": "2016-10-10T18:39:35.529Z", "date_modified": "2016-10-10T18:39:35.529Z", "is_deleted": false, "name": "Almacen", "style": "", "match": "#", "is_active": false, "menu": 3, "reference": "Store:list", "order": 0}}, {"model": "menu.menuitem", "pk": 22, "fields": {"date_created": "2016-10-10T18:40:18.296Z", "date_modified": "2016-10-10T18:40:18.296Z", "is_deleted": false, "name": "Clientes", "style": "", "match": "#", "is_active": false, "menu": 3, "reference": "Person:list", "order": 0}}, {"model": "menu.menuitem", "pk": 23, "fields": {"date_created": "2016-10-15T09:37:53.424Z", "date_modified": "2016-10-15T09:37:53.424Z", "is_deleted": false, "name": "usuario", "style": "", "match": "#", "is_active": false, "menu": 4, "reference": "User:list", "order": 0}}, {"model": "menu.menuitem", "pk": 24, "fields": {"date_created": "2016-10-15T09:42:22.131Z", "date_modified": "2016-10-15T09:42:22.131Z", "is_deleted": false, "name": "Vehiculos", "style": "", "match": "#", "is_active": false, "menu": 10, "reference": "Vehicle:lis", "order": 0}}, {"model": "menu.menuitem", "pk": 25, "fields": {"date_created": "2016-10-15T09:42:45.633Z", "date_modified": "2016-10-15T09:42:45.633Z", "is_deleted": false, "name": "Proveedores", "style": "", "match": "#", "is_active": false, "menu": 9, "reference": "Supplier:list", "order": 0}}, {"model": "menu.menuitem", "pk": 26, "fields": {"date_created": "2016-10-15T09:44:26.745Z", "date_modified": "2016-10-15T09:44:26.745Z", "is_deleted": false, "name": "Organizacion", "style": "", "match": "#", "is_active": false, "menu": 8, "reference": "Organization:list", "order": 0}}, {"model": "menu.menuitem", "pk": 27, "fields": {"date_created": "2016-10-15T09:45:32.771Z", "date_modified": "2016-10-15T09:45:32.771Z", "is_deleted": false, "name": "Module", "style": "", "match": "#", "is_active": false, "menu": 6, "reference": "Module:list", "order": 0}}, {"model": "menu.menuitem", "pk": 28, "fields": {"date_created": "2016-10-15T09:46:43.316Z", "date_modified": "2016-10-15T09:46:43.316Z", "is_deleted": false, "name": "grupo", "style": "", "match": "#", "is_active": false, "menu": 6, "reference": "Team:list", "order": 0}}, {"model": "menu.teammenu", "pk": 1, "fields": {"date_created": "2016-10-14T10:27:39.756Z", "date_modified": "2016-10-15T01:28:53.869Z", "is_deleted": false, "team": 1, "menu": 1, "permissions_menu": [1, 2, 3]}}, {"model": "menu.teammenu", "pk": 2, "fields": {"date_created": "2016-10-14T10:28:30.207Z", "date_modified": "2016-10-15T09:31:14.398Z", "is_deleted": false, "team": 1, "menu": 2, "permissions_menu": [1, 2, 3]}}, {"model": "menu.teammenu", "pk": 3, "fields": {"date_created": "2016-10-14T12:00:00.330Z", "date_modified": "2016-10-15T09:35:00.922Z", "is_deleted": false, "team": 1, "menu": 3, "permissions_menu": [1, 2, 3]}}, {"model": "menu.teammenu", "pk": 4, "fields": {"date_created": "2016-10-14T18:29:14.034Z", "date_modified": "2016-10-15T09:38:38.148Z", "is_deleted": false, "team": 1, "menu": 4, "permissions_menu": [1, 2, 3]}}, {"model": "menu.teammenu", "pk": 5, "fields": {"date_created": "2016-10-14T18:29:22.150Z", "date_modified": "2016-10-15T09:39:10.580Z", "is_deleted": false, "team": 1, "menu": 5, "permissions_menu": [1, 2, 3]}}, {"model": "menu.teammenu", "pk": 6, "fields": {"date_created": "2016-10-14T18:29:31.957Z", "date_modified": "2016-10-15T09:47:43.512Z", "is_deleted": false, "team": 1, "menu": 6, "permissions_menu": [1, 2, 3]}}, {"model": "menu.teammenu", "pk": 7, "fields": {"date_created": "2016-10-14T18:29:38.624Z", "date_modified": "2016-10-15T09:44:41.796Z", "is_deleted": false, "team": 1, "menu": 8, "permissions_menu": [1, 2, 3]}}, {"model": "menu.teammenu", "pk": 8, "fields": {"date_created": "2016-10-14T18:30:51.096Z", "date_modified": "2016-10-15T09:43:09.007Z", "is_deleted": false, "team": 1, "menu": 9, "permissions_menu": [1, 2, 3]}}, {"model": "menu.teammenu", "pk": 9, "fields": {"date_created": "2016-10-14T18:31:04.825Z", "date_modified": "2016-10-15T09:43:21.846Z", "is_deleted": false, "team": 1, "menu": 10, "permissions_menu": [1, 2, 3]}}, {"model": "menu.teammenu", "pk": 10, "fields": {"date_created": "2016-10-15T09:24:00.800Z", "date_modified": "2016-10-15T09:43:43.941Z", "is_deleted": false, "team": 2, "menu": 1, "permissions_menu": []}}, {"model": "menu.teammenuitem", "pk": 1, "fields": {"date_created": "2016-10-14T22:02:32.054Z", "date_modified": "2016-10-15T01:28:53.871Z", "is_deleted": false, "team_menu": 1, "menu_item": 1}}, {"model": "menu.teammenuitem", "pk": 2, "fields": {"date_created": "2016-10-14T22:03:39.852Z", "date_modified": "2016-10-15T01:28:53.872Z", "is_deleted": false, "team_menu": 1, "menu_item": 2}}, {"model": "menu.teammenuitem", "pk": 4, "fields": {"date_created": "2016-10-15T09:31:14.401Z", "date_modified": "2016-10-15T09:31:14.401Z", "is_deleted": false, "team_menu": 2, "menu_item": 1}}, {"model": "menu.teammenuitem", "pk": 5, "fields": {"date_created": "2016-10-15T09:31:32.732Z", "date_modified": "2016-10-15T09:35:00.938Z", "is_deleted": false, "team_menu": 3, "menu_item": 9}}, {"model": "menu.teammenuitem", "pk": 6, "fields": {"date_created": "2016-10-15T09:35:00.944Z", "date_modified": "2016-10-15T09:35:00.944Z", "is_deleted": false, "team_menu": 3, "menu_item": 10}}, {"model": "menu.teammenuitem", "pk": 7, "fields": {"date_created": "2016-10-15T09:35:00.946Z", "date_modified": "2016-10-15T09:35:00.946Z", "is_deleted": false, "team_menu": 3, "menu_item": 11}}, {"model": "menu.teammenuitem", "pk": 8, "fields": {"date_created": "2016-10-15T09:35:00.947Z", "date_modified": "2016-10-15T09:35:00.947Z", "is_deleted": false, "team_menu": 3, "menu_item": 12}}, {"model": "menu.teammenuitem", "pk": 9, "fields": {"date_created": "2016-10-15T09:35:00.947Z", "date_modified": "2016-10-15T09:35:00.947Z", "is_deleted": false, "team_menu": 3, "menu_item": 13}}, {"model": "menu.teammenuitem", "pk": 10, "fields": {"date_created": "2016-10-15T09:35:00.948Z", "date_modified": "2016-10-15T09:35:00.948Z", "is_deleted": false, "team_menu": 3, "menu_item": 14}}, {"model": "menu.teammenuitem", "pk": 11, "fields": {"date_created": "2016-10-15T09:35:00.948Z", "date_modified": "2016-10-15T09:35:00.948Z", "is_deleted": false, "team_menu": 3, "menu_item": 15}}, {"model": "menu.teammenuitem", "pk": 12, "fields": {"date_created": "2016-10-15T09:35:00.948Z", "date_modified": "2016-10-15T09:35:00.948Z", "is_deleted": false, "team_menu": 3, "menu_item": 16}}, {"model": "menu.teammenuitem", "pk": 13, "fields": {"date_created": "2016-10-15T09:35:00.949Z", "date_modified": "2016-10-15T09:35:00.949Z", "is_deleted": false, "team_menu": 3, "menu_item": 17}}, {"model": "menu.teammenuitem", "pk": 14, "fields": {"date_created": "2016-10-15T09:35:00.949Z", "date_modified": "2016-10-15T09:35:00.949Z", "is_deleted": false, "team_menu": 3, "menu_item": 18}}, {"model": "menu.teammenuitem", "pk": 15, "fields": {"date_created": "2016-10-15T09:35:00.949Z", "date_modified": "2016-10-15T09:35:00.949Z", "is_deleted": false, "team_menu": 3, "menu_item": 19}}, {"model": "menu.teammenuitem", "pk": 16, "fields": {"date_created": "2016-10-15T09:35:00.950Z", "date_modified": "2016-10-15T09:35:00.950Z", "is_deleted": false, "team_menu": 3, "menu_item": 20}}, {"model": "menu.teammenuitem", "pk": 17, "fields": {"date_created": "2016-10-15T09:35:00.958Z", "date_modified": "2016-10-15T09:35:00.958Z", "is_deleted": false, "team_menu": 3, "menu_item": 21}}, {"model": "menu.teammenuitem", "pk": 18, "fields": {"date_created": "2016-10-15T09:35:00.959Z", "date_modified": "2016-10-15T09:35:00.959Z", "is_deleted": false, "team_menu": 3, "menu_item": 22}}, {"model": "menu.teammenuitem", "pk": 19, "fields": {"date_created": "2016-10-15T09:38:26.896Z", "date_modified": "2016-10-15T09:38:38.158Z", "is_deleted": false, "team_menu": 4, "menu_item": 23}}, {"model": "menu.teammenuitem", "pk": 20, "fields": {"date_created": "2016-10-15T09:38:49.425Z", "date_modified": "2016-10-15T09:39:10.584Z", "is_deleted": false, "team_menu": 5, "menu_item": 6}}, {"model": "menu.teammenuitem", "pk": 21, "fields": {"date_created": "2016-10-15T09:39:10.585Z", "date_modified": "2016-10-15T09:39:10.585Z", "is_deleted": false, "team_menu": 5, "menu_item": 7}}, {"model": "menu.teammenuitem", "pk": 22, "fields": {"date_created": "2016-10-15T09:39:10.586Z", "date_modified": "2016-10-15T09:39:10.586Z", "is_deleted": false, "team_menu": 5, "menu_item": 8}}, {"model": "menu.teammenuitem", "pk": 23, "fields": {"date_created": "2016-10-15T09:43:02.525Z", "date_modified": "2016-10-15T09:43:09.012Z", "is_deleted": false, "team_menu": 8, "menu_item": 25}}, {"model": "menu.teammenuitem", "pk": 24, "fields": {"date_created": "2016-10-15T09:43:21.857Z", "date_modified": "2016-10-15T09:43:21.857Z", "is_deleted": false, "team_menu": 9, "menu_item": 24}}, {"model": "menu.teammenuitem", "pk": 25, "fields": {"date_created": "2016-10-15T09:44:41.821Z", "date_modified": "2016-10-15T09:44:41.821Z", "is_deleted": false, "team_menu": 7, "menu_item": 26}}, {"model": "menu.teammenuitem", "pk": 26, "fields": {"date_created": "2016-10-15T09:45:51.620Z", "date_modified": "2016-10-15T09:47:43.515Z", "is_deleted": false, "team_menu": 6, "menu_item": 27}}, {"model": "menu.teammenuitem", "pk": 27, "fields": {"date_created": "2016-10-15T09:47:43.516Z", "date_modified": "2016-10-15T09:47:43.516Z", "is_deleted": false, "team_menu": 6, "menu_item": 28}}, {"model": "billing.typedocument", "pk": 1, "fields": {"date_created": "2016-10-05T13:22:18.417Z", "date_modified": "2016-10-05T13:22:18.417Z", "is_deleted": false, "name": "Boleta", "abbreviation": "BO"}}, {"model": "billing.typedocument", "pk": 2, "fields": {"date_created": "2016-10-05T13:22:24.460Z", "date_modified": "2016-10-05T13:22:24.460Z", "is_deleted": false, "name": "Factura", "abbreviation": "FA"}}, {"model": "billing.typedocument", "pk": 3, "fields": {"date_created": "2016-10-05T13:22:33.946Z", "date_modified": "2016-10-05T13:22:33.946Z", "is_deleted": false, "name": "Nota Credito", "abbreviation": "NC"}}, {"model": "billing.typedocument", "pk": 4, "fields": {"date_created": "2016-10-05T13:22:45.238Z", "date_modified": "2016-10-05T13:22:45.238Z", "is_deleted": false, "name": "Nota Debito", "abbreviation": "ND"}}, {"model": "billing.typedocument", "pk": 5, "fields": {"date_created": "2016-10-06T02:43:50.249Z", "date_modified": "2016-10-06T02:43:50.249Z", "is_deleted": false, "name": "Gu\u00eda Remision", "abbreviation": "GR"}}, {"model": "billing.typedocument", "pk": 6, "fields": {"date_created": "2016-10-15T16:44:13.563Z", "date_modified": "2016-10-15T16:44:13.563Z", "is_deleted": false, "name": "Cotizacion", "abbreviation": "CO"}}, {"model": "billing.typedocument", "pk": 7, "fields": {"date_created": "2016-10-21T02:03:54.113Z", "date_modified": "2016-10-21T02:12:36.955Z", "is_deleted": false, "name": "Orden de Compra", "abbreviation": "PO"}}, {"model": "billing.typedocument", "pk": 8, "fields": {"date_created": "2016-10-25T20:35:44.692Z", "date_modified": "2016-10-25T20:35:44.692Z", "is_deleted": false, "name": "Acta taller vehiculo", "abbreviation": "ADV"}}, {"model": "billing.typedocument", "pk": 9, "fields": {"date_created": "2016-10-30T20:24:30.893Z", "date_modified": "2016-10-30T20:24:30.893Z", "is_deleted": false, "name": "Acta taller mantenimiento", "abbreviation": "ATM"}}, {"model": "billing.typedocument", "pk": 10, "fields": {"date_created": "2016-11-02T07:29:19.159Z", "date_modified": "2016-11-02T07:29:19.159Z", "is_deleted": false, "name": "Solicitud Pedido Taller", "abbreviation": "SPT"}}, {"model": "company.organization", "pk": 1, "fields": {"date_created": "2016-10-05T13:01:30.246Z", "date_modified": "2016-10-23T21:17:13.532Z", "is_deleted": false, "business_name": "American Rent a Car S.A.", "document_type": "DOC-2", "document_number": "11111111111", "address": "lima", "logo_organization": "uploads/organization/1/organization-b151fb95ed2.png", "phone": "2222", "mobile_phone": "3333"}}, {"model": "company.subsidiary", "pk": 1, "fields": {"date_created": "2016-10-05T13:20:49.636Z", "date_modified": "2016-10-10T20:31:02.778Z", "is_deleted": false, "organization": 1, "subsidiary_name": "Sucursal 1", "store_local": 1, "representative": "Jonathan", "address": "", "phone": "22222", "mobile_phone": "33333"}}, {"model": "company.correlative", "pk": 1, "fields": {"date_created": "2016-10-05T13:26:09.253Z", "date_modified": "2016-10-15T20:46:17.905Z", "is_deleted": false, "organization": 1, "subsidiary": 1, "type_document": 2, "prefix": "FA", "postfix": "001", "format": "0", "initial": 1, "increment": 1, "final": 9999, "actual": 0}}, {"model": "company.correlative", "pk": 2, "fields": {"date_created": "2016-10-15T20:45:10.206Z", "date_modified": "2016-10-21T02:05:26.029Z", "is_deleted": false, "organization": 1, "subsidiary": 1, "type_document": 6, "prefix": "CO", "postfix": "001", "format": "0", "initial": 0, "increment": 1, "final": 999999, "actual": 13}}, {"model": "company.correlative", "pk": 3, "fields": {"date_created": "2016-10-21T02:05:19.001Z", "date_modified": "2016-10-21T11:52:15.691Z", "is_deleted": false, "organization": 1, "subsidiary": 1, "type_document": 7, "prefix": "PO", "postfix": "001", "format": "0", "initial": 0, "increment": 1, "final": 999999, "actual": 2}}, {"model": "company.correlative", "pk": 4, "fields": {"date_created": "2016-10-25T20:38:46.318Z", "date_modified": "2016-11-03T06:25:38.550Z", "is_deleted": false, "organization": 1, "subsidiary": 1, "type_document": 8, "prefix": "ADV", "postfix": "001", "format": "0", "initial": 0, "increment": 1, "final": 999999, "actual": 9}}, {"model": "company.correlative", "pk": 5, "fields": {"date_created": "2016-10-30T20:25:15.616Z", "date_modified": "2016-10-30T20:25:15.616Z", "is_deleted": false, "organization": 1, "subsidiary": 1, "type_document": 9, "prefix": "ATM", "postfix": "001", "format": "0", "initial": 0, "increment": 1, "final": 999999, "actual": 0}}, {"model": "company.correlative", "pk": 6, "fields": {"date_created": "2016-11-02T07:42:46.657Z", "date_modified": "2016-11-03T06:11:02.599Z", "is_deleted": false, "organization": 1, "subsidiary": 1, "type_document": 10, "prefix": "SPT", "postfix": "001", "format": "0", "initial": 0, "increment": 1, "final": 999999, "actual": 6}}, {"model": "product.productcategory", "pk": 1, "fields": {"date_created": "2016-10-06T01:36:51.284Z", "date_modified": "2016-10-06T01:36:51.284Z", "is_deleted": false, "name": "Categoria 1"}}, {"model": "product.productcategory", "pk": 2, "fields": {"date_created": "2016-10-06T01:36:54.307Z", "date_modified": "2016-10-06T01:36:54.307Z", "is_deleted": false, "name": "Categoria 2"}}, {"model": "product.productcategory", "pk": 3, "fields": {"date_created": "2016-10-06T01:36:57.081Z", "date_modified": "2016-10-06T01:36:57.081Z", "is_deleted": false, "name": "Categoria 3"}}, {"model": "product.productcategory", "pk": 4, "fields": {"date_created": "2016-10-06T01:37:00.344Z", "date_modified": "2016-10-06T01:37:00.344Z", "is_deleted": false, "name": "Categoria 4"}}, {"model": "product.productcategory", "pk": 5, "fields": {"date_created": "2016-10-09T12:31:59.788Z", "date_modified": "2016-10-09T12:31:59.788Z", "is_deleted": false, "name": "Categoria 5"}}, {"model": "product.product", "pk": 1, "fields": {"date_created": "2016-10-06T01:47:15.338Z", "date_modified": "2016-11-02T15:29:20.889Z", "is_deleted": false, "product_category": 1, "name": "product name 11", "brand": 1, "model": 1, "unit": 12, "sale_price": "14.50", "purchase_price": "14.60", "logo_product": ""}}, {"model": "product.product", "pk": 2, "fields": {"date_created": "2016-10-06T01:48:08.888Z", "date_modified": "2016-11-02T15:29:27.370Z", "is_deleted": false, "product_category": 2, "name": "product name 21", "brand": 2, "model": 3, "unit": 8, "sale_price": "20.10", "purchase_price": "30.10", "logo_product": ""}}, {"model": "product.product", "pk": 4, "fields": {"date_created": "2016-10-09T23:30:16.292Z", "date_modified": "2016-11-02T15:29:35.899Z", "is_deleted": false, "product_category": 3, "name": "product name 31", "brand": 1, "model": 1, "unit": 12, "sale_price": "10.00", "purchase_price": "15.00", "logo_product": ""}}, {"model": "product.product", "pk": 5, "fields": {"date_created": "2016-10-09T23:56:58.883Z", "date_modified": "2016-11-02T15:29:42.259Z", "is_deleted": false, "product_category": 5, "name": "product name 51", "brand": 1, "model": 1, "unit": 12, "sale_price": "19.00", "purchase_price": "21.00", "logo_product": ""}}, {"model": "product.product", "pk": 6, "fields": {"date_created": "2016-10-23T13:26:03.948Z", "date_modified": "2016-11-02T15:29:48.921Z", "is_deleted": false, "product_category": 4, "name": "producto name 41", "brand": 1, "model": 2, "unit": 12, "sale_price": "145.50", "purchase_price": "210.50", "logo_product": "uploads/product/6/product-b54430ff738.jpg"}}, {"model": "product.productdetail", "pk": 1, "fields": {"date_created": "2016-10-06T01:48:41.494Z", "date_modified": "2016-11-02T15:29:20.893Z", "is_deleted": false, "product": 1, "series": "145145214541", "origin": "origin china", "description": "producto bueno a buena oferta 1"}}, {"model": "product.productdetail", "pk": 2, "fields": {"date_created": "2016-10-06T01:49:08.068Z", "date_modified": "2016-11-02T15:29:27.375Z", "is_deleted": false, "product": 2, "series": "145145214505", "origin": "origin china1", "description": "producto bueno a buena oferta 1"}}, {"model": "product.productdetail", "pk": 3, "fields": {"date_created": "2016-10-09T23:30:16.293Z", "date_modified": "2016-11-02T15:29:35.905Z", "is_deleted": false, "product": 4, "series": "1212121", "origin": "procendecia china", "description": "descr descsadasa"}}, {"model": "product.productdetail", "pk": 4, "fields": {"date_created": "2016-10-09T23:56:58.971Z", "date_modified": "2016-11-02T15:29:42.263Z", "is_deleted": false, "product": 5, "series": "asdsad", "origin": "sd", "description": "desc1512121"}}, {"model": "product.productdetail", "pk": 5, "fields": {"date_created": "2016-10-23T13:26:03.962Z", "date_modified": "2016-11-02T15:29:48.930Z", "is_deleted": false, "product": 6, "series": "14514", "origin": "China", "description": "description"}}, {"model": "supplier.supplier", "pk": 1, "fields": {"date_created": "2016-10-05T13:46:17.799Z", "date_modified": "2016-10-12T17:13:43.144Z", "is_deleted": false, "business_name": "American Proveedor 1", "document_type": "DOC-2", "document_number": "1111111", "home_phone": "2222", "mobile_phone": "3333", "address": "lima", "contact": "benito", "phone_contact": "44444"}}, {"model": "supplier.supplier", "pk": 5, "fields": {"date_created": "2016-10-12T17:56:52.734Z", "date_modified": "2016-10-12T17:56:52.734Z", "is_deleted": false, "business_name": "American Rent a Car S.A.", "document_type": "DOC-2", "document_number": "dasdsad", "home_phone": "asdasd", "mobile_phone": "asdasdas", "address": "dsad", "contact": "sdasdas", "phone_contact": "dasd"}}, {"model": "supplier.suppliersubsidiary", "pk": 1, "fields": {"date_created": "2016-10-11T01:09:35.836Z", "date_modified": "2016-10-12T17:19:37.879Z", "is_deleted": false, "supplier": 1, "subsidiary": [1]}}, {"model": "supplier.suppliersubsidiary", "pk": 2, "fields": {"date_created": "2016-10-12T17:56:52.735Z", "date_modified": "2016-10-12T18:27:42.597Z", "is_deleted": false, "supplier": 5, "subsidiary": [1]}}, {"model": "supplier.supplierproduct", "pk": 1, "fields": {"date_created": "2016-10-06T01:57:01.726Z", "date_modified": "2016-10-16T14:07:57.085Z", "is_deleted": false, "supplier": 1, "product": [1, 2, 4]}}, {"model": "supplier.supplierproduct", "pk": 2, "fields": {"date_created": "2016-10-12T17:56:52.735Z", "date_modified": "2016-10-16T18:03:23.286Z", "is_deleted": false, "supplier": 5, "product": [4, 2, 5]}}, {"model": "vehicle.vehicle", "pk": 8, "fields": {"date_created": "2016-10-12T13:51:23.482Z", "date_modified": "2016-10-26T02:49:49.946Z", "is_deleted": false, "unit_transport": 3, "brand": 62, "model": 1, "year_car": 1, "plaque": "PLACA-001", "color": "#6e52c7", "type_vehicle": "VHL-1"}}, {"model": "vehicle.vehicledetail", "pk": 6, "fields": {"date_created": "2016-10-12T13:51:23.484Z", "date_modified": "2016-10-26T02:49:49.952Z", "is_deleted": false, "vehicle": 8, "number_motor": "", "number_vin": null, "number_serie": null, "soat": "soat", "expiration_soat": "2016-10-12T00:00:00Z", "poliza": "poliza", "expiration_poliza": "2016-10-12T00:00:00Z", "technical_review": "", "expiration_technical_review": null, "opacity_test": "", "expiration_opacity_test": null, "farenet_test": "", "expiration_farenet_test": null}}, {"model": "vehicle.vehicleimage", "pk": 7, "fields": {"date_created": "2016-10-12T15:52:41.351Z", "date_modified": "2016-10-26T02:49:49.962Z", "is_deleted": false, "vehicle": 8, "logo_vehicle": "uploads/vehicle/8/ba81bb7572a.png"}}, {"model": "vehicle.vehicleimage", "pk": 8, "fields": {"date_created": "2016-10-23T22:19:38.919Z", "date_modified": "2016-10-26T02:49:49.970Z", "is_deleted": false, "vehicle": 8, "logo_vehicle": "uploads/vehicle/8/bcc33a1f864.jpg"}}, {"model": "customer.user", "pk": 1, "fields": {"password": "pbkdf2_sha256$30000$mlq2RbjOZZKm$l9MM4nS25pV9zWOqz3Fcx+TMbuB1ZjuBmT/mIwPBTh4=", "last_login": "2016-11-02T14:10:40.628Z", "email": "demo@gmail.com", "first_name": "jonathan", "last_name": "quiza puelles", "display_name": "", "is_active": true, "is_admin": true}}, {"model": "customer.user", "pk": 2, "fields": {"password": "pbkdf2_sha256$30000$OENvqH06HX6X$EglZ2Q+jFKu0gaiHaZj3WOXauXW5cJ2Q80U7NCnc/+o=", "last_login": "2016-10-23T12:59:31.206Z", "email": "demo1@gmail.com", "first_name": "demo1@gmail.com", "last_name": "", "display_name": "", "is_active": true, "is_admin": true}}, {"model": "customer.user", "pk": 3, "fields": {"password": "pbkdf2_sha256$30000$HS52LNhXbkGy$7zxJhSiiGOQPTNiB/FhgESOEwuj7PvodS0WxlBks9zg=", "last_login": null, "email": "demo2@gmail.com", "first_name": "demo2@gmail.com", "last_name": "demo", "display_name": "", "is_active": true, "is_admin": true}}, {"model": "customer.user", "pk": 5, "fields": {"password": "pbkdf2_sha256$30000$YLYXh8slPCt1$ishU2Z4Yv/kr3XqaJNHyriXn7+jGrjSh8pf/sbkfQ48=", "last_login": "2016-10-13T16:02:56.783Z", "email": "demo3@gmail.com", "first_name": "demo3", "last_name": "demo3", "display_name": "", "is_active": true, "is_admin": false}}, {"model": "customer.userprofile", "pk": 1, "fields": {"date_created": "2016-10-04T12:16:59.163Z", "date_modified": "2016-10-18T19:44:04.973Z", "is_deleted": false, "address": "Urb. Mariscal Caceres - S.J.L", "document_type": "DOC-1", "document_number": "45851641", "home_phone": "141", "mobile_phone": "944423771", "organization": 1, "subsidiary": 1, "logo_profile": "uploads/profile/user/1_2bMpQo2.png"}}, {"model": "customer.userprofile", "pk": 2, "fields": {"date_created": "2016-10-12T23:26:23.824Z", "date_modified": "2016-10-13T00:37:10.268Z", "is_deleted": false, "address": "", "document_type": "DOC-1", "document_number": "4585", "home_phone": "", "mobile_phone": "", "organization": 1, "subsidiary": 1, "logo_profile": ""}}, {"model": "customer.userprofile", "pk": 3, "fields": {"date_created": "2016-10-13T13:42:34.991Z", "date_modified": "2016-10-24T02:00:22.018Z", "is_deleted": false, "address": "", "document_type": "DOC-1", "document_number": "dasdas", "home_phone": "aa", "mobile_phone": "", "organization": 1, "subsidiary": 1, "logo_profile": "uploads/customer/3/user-b3218f0d9e2.jpg"}}, {"model": "customer.userprofile", "pk": 5, "fields": {"date_created": "2016-10-13T16:00:08.506Z", "date_modified": "2016-10-13T16:01:41.055Z", "is_deleted": false, "address": "", "document_type": "DOC-1", "document_number": "45851641", "home_phone": "", "mobile_phone": "", "organization": 1, "subsidiary": 1, "logo_profile": ""}}, {"model": "quotation.quotationstore", "pk": 1, "fields": {"date_created": "2016-10-16T22:32:58.227Z", "date_modified": "2016-10-17T10:53:13.118Z", "is_deleted": false, "code_qt_store": "CO-001-01", "supplier": 1, "applicant": 2, "date": "2016-10-16"}}, {"model": "quotation.quotationstore", "pk": 11, "fields": {"date_created": "2016-10-18T23:50:14.210Z", "date_modified": "2016-10-18T23:50:14.210Z", "is_deleted": false, "code_qt_store": "CO-001-011", "supplier": 1, "applicant": 1, "date": "2016-10-18"}}, {"model": "quotation.quotationstore", "pk": 12, "fields": {"date_created": "2016-10-18T23:52:51.161Z", "date_modified": "2016-10-18T23:52:51.162Z", "is_deleted": false, "code_qt_store": "CO-001-012", "supplier": 1, "applicant": 1, "date": "2016-10-18"}}, {"model": "quotation.quotationstore", "pk": 13, "fields": {"date_created": "2016-10-18T23:54:26.330Z", "date_modified": "2016-10-18T23:54:26.330Z", "is_deleted": false, "code_qt_store": "CO-001-013", "supplier": 5, "applicant": 1, "date": "2016-10-18"}}, {"model": "quotation.quotationstoredetail", "pk": 1, "fields": {"date_created": "2016-10-16T22:32:58.233Z", "date_modified": "2016-10-17T10:53:13.120Z", "is_deleted": false, "quotation_store": 1, "product": 1, "quantity": 1}}, {"model": "quotation.quotationstoredetail", "pk": 20, "fields": {"date_created": "2016-10-18T23:50:14.212Z", "date_modified": "2016-10-18T23:50:14.212Z", "is_deleted": false, "quotation_store": 11, "product": 1, "quantity": 1}}, {"model": "quotation.quotationstoredetail", "pk": 21, "fields": {"date_created": "2016-10-18T23:50:14.213Z", "date_modified": "2016-10-18T23:50:14.213Z", "is_deleted": false, "quotation_store": 11, "product": 2, "quantity": 1}}, {"model": "quotation.quotationstoredetail", "pk": 22, "fields": {"date_created": "2016-10-18T23:52:51.163Z", "date_modified": "2016-10-18T23:52:51.163Z", "is_deleted": false, "quotation_store": 12, "product": 1, "quantity": 1}}, {"model": "quotation.quotationstoredetail", "pk": 23, "fields": {"date_created": "2016-10-18T23:52:51.163Z", "date_modified": "2016-10-18T23:52:51.163Z", "is_deleted": false, "quotation_store": 12, "product": 2, "quantity": 1}}, {"model": "quotation.quotationstoredetail", "pk": 24, "fields": {"date_created": "2016-10-18T23:52:51.163Z", "date_modified": "2016-10-18T23:52:51.163Z", "is_deleted": false, "quotation_store": 12, "product": 4, "quantity": 1}}, {"model": "quotation.quotationstoredetail", "pk": 25, "fields": {"date_created": "2016-10-18T23:54:26.335Z", "date_modified": "2016-10-18T23:54:26.336Z", "is_deleted": false, "quotation_store": 13, "product": 4, "quantity": 1}}, {"model": "taller.actdeliveryvehicle", "pk": 8, "fields": {"date_created": "2016-10-28T03:56:49.504Z", "date_modified": "2016-10-28T04:07:18.660Z", "is_deleted": false, "code_adv_taller": "ADV-001-08", "service_taller": "MAINTENANCE", "type_solicitude_entry": "ENTRY", "type_solicitude_exit": "EXIT", "vehicle": 8, "person": 1, "taxi_driver_entry": 1, "taxi_driver_exit": 1, "fuel_entry": 3, "fuel_exit": 2, "km_exit": 200, "km_entry": 150, "date_exit": "2016-10-27", "date_entry": "2016-10-27", "hour_exit": "01:00:00", "hour_entry": "12:30:00", "following_maintenance": "2016-10-27", "applicant": 1}}, {"model": "taller.actdeliveryvehicle", "pk": 9, "fields": {"date_created": "2016-11-03T06:25:38.360Z", "date_modified": "2016-11-03T06:25:38.360Z", "is_deleted": false, "code_adv_taller": "ADV-001-09", "service_taller": "MAINTENANCE", "type_solicitude_entry": "ENTRY", "type_solicitude_exit": "", "vehicle": 8, "person": 1, "taxi_driver_entry": 1, "taxi_driver_exit": null, "fuel_entry": 3, "fuel_exit": null, "km_exit": 0, "km_entry": 0, "date_exit": null, "date_entry": "2016-11-03", "hour_exit": "00:00:00", "hour_entry": "00:00:00", "following_maintenance": "2016-11-10", "applicant": 1}}, {"model": "taller.inventorydeliveryvehicle", "pk": 7, "fields": {"date_created": "2016-10-28T03:56:49.510Z", "date_modified": "2016-10-28T04:07:18.664Z", "is_deleted": false, "act_delivery_vehicle": 8, "vehicle_inventory_entry": [1, 2], "vehicle_inventory_exit": [1, 2, 3, 4, 5, 6, 7]}}, {"model": "taller.inventorydeliveryvehicle", "pk": 8, "fields": {"date_created": "2016-11-03T06:25:38.370Z", "date_modified": "2016-11-03T06:25:38.371Z", "is_deleted": false, "act_delivery_vehicle": 9, "vehicle_inventory_entry": [1, 2, 25], "vehicle_inventory_exit": []}}, {"model": "taller.observationdeliveryvehicle", "pk": 7, "fields": {"date_created": "2016-10-28T03:56:49.547Z", "date_modified": "2016-10-28T04:07:18.694Z", "is_deleted": false, "act_delivery_vehicle": 8, "observation_inspection": "", "observation_evaluation": "", "observation_correction": "coreccion", "observation_conclusion": "conclsuion"}}, {"model": "taller.observationdeliveryvehicle", "pk": 8, "fields": {"date_created": "2016-11-03T06:25:38.503Z", "date_modified": "2016-11-03T06:25:38.503Z", "is_deleted": false, "act_delivery_vehicle": 9, "observation_inspection": "inspc", "observation_evaluation": "eva", "observation_correction": "", "observation_conclusion": ""}}, {"model": "logistic.purchaseorder", "pk": 2, "fields": {"date_created": "2016-10-21T11:52:15.673Z", "date_modified": "2016-10-21T11:52:15.673Z", "is_deleted": false, "code_po_store": "PO-001-02", "date": "2016-10-21", "supplier": 1, "currency": 1, "applicant": 2, "purchase_condition": 1, "igv_tax": "0.18", "igv_total": "5.68", "sub_total": "25.88", "total_paid": "31.56", "is_authorized": false}}, {"model": "logistic.purchaseorderdetail", "pk": 3, "fields": {"date_created": "2016-10-21T11:52:15.675Z", "date_modified": "2016-10-21T11:52:15.675Z", "is_deleted": false, "purchase_order": 2, "product": 1, "description": "Categoria 1 / product name 1", "quantity": 1, "unit_price": "14.60", "discount": 10, "amount_price": "1.46"}}, {"model": "logistic.purchaseorderdetail", "pk": 4, "fields": {"date_created": "2016-10-21T11:52:15.676Z", "date_modified": "2016-10-21T11:52:15.676Z", "is_deleted": false, "purchase_order": 2, "product": 2, "description": "Categoria 1 / product name 2", "quantity": 1, "unit_price": "30.10", "discount": 0, "amount_price": "30.10"}}, {"model": "auth.permission", "pk": 1, "fields": {"name": "Can add log entry", "content_type": 1, "codename": "add_logentry"}}, {"model": "auth.permission", "pk": 2, "fields": {"name": "Can change log entry", "content_type": 1, "codename": "change_logentry"}}, {"model": "auth.permission", "pk": 3, "fields": {"name": "Can delete log entry", "content_type": 1, "codename": "delete_logentry"}}, {"model": "auth.permission", "pk": 4, "fields": {"name": "Can add permission", "content_type": 2, "codename": "add_permission"}}, {"model": "auth.permission", "pk": 5, "fields": {"name": "Can change permission", "content_type": 2, "codename": "change_permission"}}, {"model": "auth.permission", "pk": 6, "fields": {"name": "Can delete permission", "content_type": 2, "codename": "delete_permission"}}, {"model": "auth.permission", "pk": 7, "fields": {"name": "Can add group", "content_type": 3, "codename": "add_group"}}, {"model": "auth.permission", "pk": 8, "fields": {"name": "Can change group", "content_type": 3, "codename": "change_group"}}, {"model": "auth.permission", "pk": 9, "fields": {"name": "Can delete group", "content_type": 3, "codename": "delete_group"}}, {"model": "auth.permission", "pk": 10, "fields": {"name": "Can add content type", "content_type": 4, "codename": "add_contenttype"}}, {"model": "auth.permission", "pk": 11, "fields": {"name": "Can change content type", "content_type": 4, "codename": "change_contenttype"}}, {"model": "auth.permission", "pk": 12, "fields": {"name": "Can delete content type", "content_type": 4, "codename": "delete_contenttype"}}, {"model": "auth.permission", "pk": 13, "fields": {"name": "Can add session", "content_type": 5, "codename": "add_session"}}, {"model": "auth.permission", "pk": 14, "fields": {"name": "Can change session", "content_type": 5, "codename": "change_session"}}, {"model": "auth.permission", "pk": 15, "fields": {"name": "Can delete session", "content_type": 5, "codename": "delete_session"}}, {"model": "auth.permission", "pk": 16, "fields": {"name": "Can add state", "content_type": 6, "codename": "add_state"}}, {"model": "auth.permission", "pk": 17, "fields": {"name": "Can change state", "content_type": 6, "codename": "change_state"}}, {"model": "auth.permission", "pk": 18, "fields": {"name": "Can delete state", "content_type": 6, "codename": "delete_state"}}, {"model": "auth.permission", "pk": 19, "fields": {"name": "Can add country", "content_type": 7, "codename": "add_country"}}, {"model": "auth.permission", "pk": 20, "fields": {"name": "Can change country", "content_type": 7, "codename": "change_country"}}, {"model": "auth.permission", "pk": 21, "fields": {"name": "Can delete country", "content_type": 7, "codename": "delete_country"}}, {"model": "auth.permission", "pk": 22, "fields": {"name": "Can add zone", "content_type": 8, "codename": "add_zone"}}, {"model": "auth.permission", "pk": 23, "fields": {"name": "Can change zone", "content_type": 8, "codename": "change_zone"}}, {"model": "auth.permission", "pk": 24, "fields": {"name": "Can delete zone", "content_type": 8, "codename": "delete_zone"}}, {"model": "auth.permission", "pk": 25, "fields": {"name": "Can add bank", "content_type": 9, "codename": "add_bank"}}, {"model": "auth.permission", "pk": 26, "fields": {"name": "Can change bank", "content_type": 9, "codename": "change_bank"}}, {"model": "auth.permission", "pk": 27, "fields": {"name": "Can delete bank", "content_type": 9, "codename": "delete_bank"}}, {"model": "auth.permission", "pk": 28, "fields": {"name": "Can add currency", "content_type": 10, "codename": "add_currency"}}, {"model": "auth.permission", "pk": 29, "fields": {"name": "Can change currency", "content_type": 10, "codename": "change_currency"}}, {"model": "auth.permission", "pk": 30, "fields": {"name": "Can delete currency", "content_type": 10, "codename": "delete_currency"}}, {"model": "auth.permission", "pk": 31, "fields": {"name": "Can add exchange rate", "content_type": 11, "codename": "add_exchangerate"}}, {"model": "auth.permission", "pk": 32, "fields": {"name": "Can change exchange rate", "content_type": 11, "codename": "change_exchangerate"}}, {"model": "auth.permission", "pk": 33, "fields": {"name": "Can delete exchange rate", "content_type": 11, "codename": "delete_exchangerate"}}, {"model": "auth.permission", "pk": 34, "fields": {"name": "Can add specialty", "content_type": 12, "codename": "add_specialty"}}, {"model": "auth.permission", "pk": 35, "fields": {"name": "Can change specialty", "content_type": 12, "codename": "change_specialty"}}, {"model": "auth.permission", "pk": 36, "fields": {"name": "Can delete specialty", "content_type": 12, "codename": "delete_specialty"}}, {"model": "auth.permission", "pk": 37, "fields": {"name": "Can add unit measurement", "content_type": 13, "codename": "add_unitmeasurement"}}, {"model": "auth.permission", "pk": 38, "fields": {"name": "Can change unit measurement", "content_type": 13, "codename": "change_unitmeasurement"}}, {"model": "auth.permission", "pk": 39, "fields": {"name": "Can delete unit measurement", "content_type": 13, "codename": "delete_unitmeasurement"}}, {"model": "auth.permission", "pk": 40, "fields": {"name": "Can add type contribution system", "content_type": 14, "codename": "add_typecontributionsystem"}}, {"model": "auth.permission", "pk": 41, "fields": {"name": "Can change type contribution system", "content_type": 14, "codename": "change_typecontributionsystem"}}, {"model": "auth.permission", "pk": 42, "fields": {"name": "Can delete type contribution system", "content_type": 14, "codename": "delete_typecontributionsystem"}}, {"model": "auth.permission", "pk": 43, "fields": {"name": "Can add contribution system", "content_type": 15, "codename": "add_contributionsystem"}}, {"model": "auth.permission", "pk": 44, "fields": {"name": "Can change contribution system", "content_type": 15, "codename": "change_contributionsystem"}}, {"model": "auth.permission", "pk": 45, "fields": {"name": "Can delete contribution system", "content_type": 15, "codename": "delete_contributionsystem"}}, {"model": "auth.permission", "pk": 46, "fields": {"name": "Can add module", "content_type": 16, "codename": "add_module"}}, {"model": "auth.permission", "pk": 47, "fields": {"name": "Can change module", "content_type": 16, "codename": "change_module"}}, {"model": "auth.permission", "pk": 48, "fields": {"name": "Can delete module", "content_type": 16, "codename": "delete_module"}}, {"model": "auth.permission", "pk": 52, "fields": {"name": "Can add organization", "content_type": 18, "codename": "add_organization"}}, {"model": "auth.permission", "pk": 53, "fields": {"name": "Can change organization", "content_type": 18, "codename": "change_organization"}}, {"model": "auth.permission", "pk": 54, "fields": {"name": "Can delete organization", "content_type": 18, "codename": "delete_organization"}}, {"model": "auth.permission", "pk": 55, "fields": {"name": "Can add correlative", "content_type": 19, "codename": "add_correlative"}}, {"model": "auth.permission", "pk": 56, "fields": {"name": "Can change correlative", "content_type": 19, "codename": "change_correlative"}}, {"model": "auth.permission", "pk": 57, "fields": {"name": "Can delete correlative", "content_type": 19, "codename": "delete_correlative"}}, {"model": "auth.permission", "pk": 58, "fields": {"name": "Can add subsidiary", "content_type": 20, "codename": "add_subsidiary"}}, {"model": "auth.permission", "pk": 59, "fields": {"name": "Can change subsidiary", "content_type": 20, "codename": "change_subsidiary"}}, {"model": "auth.permission", "pk": 60, "fields": {"name": "Can delete subsidiary", "content_type": 20, "codename": "delete_subsidiary"}}, {"model": "auth.permission", "pk": 61, "fields": {"name": "Can add menu item", "content_type": 21, "codename": "add_menuitem"}}, {"model": "auth.permission", "pk": 62, "fields": {"name": "Can change menu item", "content_type": 21, "codename": "change_menuitem"}}, {"model": "auth.permission", "pk": 63, "fields": {"name": "Can delete menu item", "content_type": 21, "codename": "delete_menuitem"}}, {"model": "auth.permission", "pk": 64, "fields": {"name": "Can add menu", "content_type": 22, "codename": "add_menu"}}, {"model": "auth.permission", "pk": 65, "fields": {"name": "Can change menu", "content_type": 22, "codename": "change_menu"}}, {"model": "auth.permission", "pk": 66, "fields": {"name": "Can delete menu", "content_type": 22, "codename": "delete_menu"}}, {"model": "auth.permission", "pk": 67, "fields": {"name": "Can add user", "content_type": 23, "codename": "add_user"}}, {"model": "auth.permission", "pk": 68, "fields": {"name": "Can change user", "content_type": 23, "codename": "change_user"}}, {"model": "auth.permission", "pk": 69, "fields": {"name": "Can delete user", "content_type": 23, "codename": "delete_user"}}, {"model": "auth.permission", "pk": 70, "fields": {"name": "Can add user profile", "content_type": 24, "codename": "add_userprofile"}}, {"model": "auth.permission", "pk": 71, "fields": {"name": "Can change user profile", "content_type": 24, "codename": "change_userprofile"}}, {"model": "auth.permission", "pk": 72, "fields": {"name": "Can delete user profile", "content_type": 24, "codename": "delete_userprofile"}}, {"model": "auth.permission", "pk": 76, "fields": {"name": "Can add service", "content_type": 26, "codename": "add_service"}}, {"model": "auth.permission", "pk": 77, "fields": {"name": "Can change service", "content_type": 26, "codename": "change_service"}}, {"model": "auth.permission", "pk": 78, "fields": {"name": "Can delete service", "content_type": 26, "codename": "delete_service"}}, {"model": "auth.permission", "pk": 79, "fields": {"name": "Can add person", "content_type": 27, "codename": "add_person"}}, {"model": "auth.permission", "pk": 80, "fields": {"name": "Can change person", "content_type": 27, "codename": "change_person"}}, {"model": "auth.permission", "pk": 81, "fields": {"name": "Can delete person", "content_type": 27, "codename": "delete_person"}}, {"model": "auth.permission", "pk": 88, "fields": {"name": "Can add brand", "content_type": 30, "codename": "add_brand"}}, {"model": "auth.permission", "pk": 89, "fields": {"name": "Can change brand", "content_type": 30, "codename": "change_brand"}}, {"model": "auth.permission", "pk": 90, "fields": {"name": "Can delete brand", "content_type": 30, "codename": "delete_brand"}}, {"model": "auth.permission", "pk": 91, "fields": {"name": "Can add enrollment", "content_type": 31, "codename": "add_enrollment"}}, {"model": "auth.permission", "pk": 92, "fields": {"name": "Can change enrollment", "content_type": 31, "codename": "change_enrollment"}}, {"model": "auth.permission", "pk": 93, "fields": {"name": "Can delete enrollment", "content_type": 31, "codename": "delete_enrollment"}}, {"model": "auth.permission", "pk": 100, "fields": {"name": "Can add auto inventory", "content_type": 34, "codename": "add_autoinventory"}}, {"model": "auth.permission", "pk": 101, "fields": {"name": "Can change auto inventory", "content_type": 34, "codename": "change_autoinventory"}}, {"model": "auth.permission", "pk": 102, "fields": {"name": "Can delete auto inventory", "content_type": 34, "codename": "delete_autoinventory"}}, {"model": "auth.permission", "pk": 103, "fields": {"name": "Can add type payment", "content_type": 35, "codename": "add_typepayment"}}, {"model": "auth.permission", "pk": 104, "fields": {"name": "Can change type payment", "content_type": 35, "codename": "change_typepayment"}}, {"model": "auth.permission", "pk": 105, "fields": {"name": "Can delete type payment", "content_type": 35, "codename": "delete_typepayment"}}, {"model": "auth.permission", "pk": 106, "fields": {"name": "Can add type document", "content_type": 36, "codename": "add_typedocument"}}, {"model": "auth.permission", "pk": 107, "fields": {"name": "Can change type document", "content_type": 36, "codename": "change_typedocument"}}, {"model": "auth.permission", "pk": 108, "fields": {"name": "Can delete type document", "content_type": 36, "codename": "delete_typedocument"}}, {"model": "auth.permission", "pk": 109, "fields": {"name": "Can add store", "content_type": 37, "codename": "add_store"}}, {"model": "auth.permission", "pk": 110, "fields": {"name": "Can change store", "content_type": 37, "codename": "change_store"}}, {"model": "auth.permission", "pk": 111, "fields": {"name": "Can delete store", "content_type": 37, "codename": "delete_store"}}, {"model": "auth.permission", "pk": 112, "fields": {"name": "Can add supplier", "content_type": 38, "codename": "add_supplier"}}, {"model": "auth.permission", "pk": 113, "fields": {"name": "Can change supplier", "content_type": 38, "codename": "change_supplier"}}, {"model": "auth.permission", "pk": 114, "fields": {"name": "Can delete supplier", "content_type": 38, "codename": "delete_supplier"}}, {"model": "auth.permission", "pk": 115, "fields": {"name": "Can add vehicle enrollment", "content_type": 31, "codename": "add_vehicleenrollment"}}, {"model": "auth.permission", "pk": 116, "fields": {"name": "Can change vehicle enrollment", "content_type": 31, "codename": "change_vehicleenrollment"}}, {"model": "auth.permission", "pk": 117, "fields": {"name": "Can delete vehicle enrollment", "content_type": 31, "codename": "delete_vehicleenrollment"}}, {"model": "auth.permission", "pk": 118, "fields": {"name": "Can add vehicle fuel", "content_type": 39, "codename": "add_vehiclefuel"}}, {"model": "auth.permission", "pk": 119, "fields": {"name": "Can change vehicle fuel", "content_type": 39, "codename": "change_vehiclefuel"}}, {"model": "auth.permission", "pk": 120, "fields": {"name": "Can delete vehicle fuel", "content_type": 39, "codename": "delete_vehiclefuel"}}, {"model": "auth.permission", "pk": 121, "fields": {"name": "Can add vehicle brand", "content_type": 30, "codename": "add_vehiclebrand"}}, {"model": "auth.permission", "pk": 122, "fields": {"name": "Can change vehicle brand", "content_type": 30, "codename": "change_vehiclebrand"}}, {"model": "auth.permission", "pk": 123, "fields": {"name": "Can delete vehicle brand", "content_type": 30, "codename": "delete_vehiclebrand"}}, {"model": "auth.permission", "pk": 124, "fields": {"name": "Can add vehicle model", "content_type": 40, "codename": "add_vehiclemodel"}}, {"model": "auth.permission", "pk": 125, "fields": {"name": "Can change vehicle model", "content_type": 40, "codename": "change_vehiclemodel"}}, {"model": "auth.permission", "pk": 126, "fields": {"name": "Can delete vehicle model", "content_type": 40, "codename": "delete_vehiclemodel"}}, {"model": "auth.permission", "pk": 127, "fields": {"name": "Can add product detail", "content_type": 41, "codename": "add_productdetail"}}, {"model": "auth.permission", "pk": 128, "fields": {"name": "Can change product detail", "content_type": 41, "codename": "change_productdetail"}}, {"model": "auth.permission", "pk": 129, "fields": {"name": "Can delete product detail", "content_type": 41, "codename": "delete_productdetail"}}, {"model": "auth.permission", "pk": 133, "fields": {"name": "Can add product", "content_type": 43, "codename": "add_product"}}, {"model": "auth.permission", "pk": 134, "fields": {"name": "Can change product", "content_type": 43, "codename": "change_product"}}, {"model": "auth.permission", "pk": 135, "fields": {"name": "Can delete product", "content_type": 43, "codename": "delete_product"}}, {"model": "auth.permission", "pk": 136, "fields": {"name": "Can add product category", "content_type": 44, "codename": "add_productcategory"}}, {"model": "auth.permission", "pk": 137, "fields": {"name": "Can change product category", "content_type": 44, "codename": "change_productcategory"}}, {"model": "auth.permission", "pk": 138, "fields": {"name": "Can delete product category", "content_type": 44, "codename": "delete_productcategory"}}, {"model": "auth.permission", "pk": 139, "fields": {"name": "Can add product brand", "content_type": 45, "codename": "add_productbrand"}}, {"model": "auth.permission", "pk": 140, "fields": {"name": "Can change product brand", "content_type": 45, "codename": "change_productbrand"}}, {"model": "auth.permission", "pk": 141, "fields": {"name": "Can delete product brand", "content_type": 45, "codename": "delete_productbrand"}}, {"model": "auth.permission", "pk": 142, "fields": {"name": "Can add product model", "content_type": 46, "codename": "add_productmodel"}}, {"model": "auth.permission", "pk": 143, "fields": {"name": "Can change product model", "content_type": 46, "codename": "change_productmodel"}}, {"model": "auth.permission", "pk": 144, "fields": {"name": "Can delete product model", "content_type": 46, "codename": "delete_productmodel"}}, {"model": "auth.permission", "pk": 145, "fields": {"name": "Can add supplier product", "content_type": 47, "codename": "add_supplierproduct"}}, {"model": "auth.permission", "pk": 146, "fields": {"name": "Can change supplier product", "content_type": 47, "codename": "change_supplierproduct"}}, {"model": "auth.permission", "pk": 147, "fields": {"name": "Can delete supplier product", "content_type": 47, "codename": "delete_supplierproduct"}}, {"model": "auth.permission", "pk": 148, "fields": {"name": "Can add vehicle", "content_type": 48, "codename": "add_vehicle"}}, {"model": "auth.permission", "pk": 149, "fields": {"name": "Can change vehicle", "content_type": 48, "codename": "change_vehicle"}}, {"model": "auth.permission", "pk": 150, "fields": {"name": "Can delete vehicle", "content_type": 48, "codename": "delete_vehicle"}}, {"model": "auth.permission", "pk": 151, "fields": {"name": "Can add vehicle detail", "content_type": 49, "codename": "add_vehicledetail"}}, {"model": "auth.permission", "pk": 152, "fields": {"name": "Can change vehicle detail", "content_type": 49, "codename": "change_vehicledetail"}}, {"model": "auth.permission", "pk": 153, "fields": {"name": "Can delete vehicle detail", "content_type": 49, "codename": "delete_vehicledetail"}}, {"model": "auth.permission", "pk": 154, "fields": {"name": "Can add purchase condition", "content_type": 50, "codename": "add_purchasecondition"}}, {"model": "auth.permission", "pk": 155, "fields": {"name": "Can change purchase condition", "content_type": 50, "codename": "change_purchasecondition"}}, {"model": "auth.permission", "pk": 156, "fields": {"name": "Can delete purchase condition", "content_type": 50, "codename": "delete_purchasecondition"}}, {"model": "auth.permission", "pk": 157, "fields": {"name": "Can add quotation maintenance detail", "content_type": 51, "codename": "add_quotationmaintenancedetail"}}, {"model": "auth.permission", "pk": 158, "fields": {"name": "Can change quotation maintenance detail", "content_type": 51, "codename": "change_quotationmaintenancedetail"}}, {"model": "auth.permission", "pk": 159, "fields": {"name": "Can delete quotation maintenance detail", "content_type": 51, "codename": "delete_quotationmaintenancedetail"}}, {"model": "auth.permission", "pk": 160, "fields": {"name": "Can add quotation maintenance", "content_type": 52, "codename": "add_quotationmaintenance"}}, {"model": "auth.permission", "pk": 161, "fields": {"name": "Can change quotation maintenance", "content_type": 52, "codename": "change_quotationmaintenance"}}, {"model": "auth.permission", "pk": 162, "fields": {"name": "Can delete quotation maintenance", "content_type": 52, "codename": "delete_quotationmaintenance"}}, {"model": "auth.permission", "pk": 169, "fields": {"name": "Can add reference guide taller order detail", "content_type": 55, "codename": "add_referenceguidetallerorderdetail"}}, {"model": "auth.permission", "pk": 170, "fields": {"name": "Can change reference guide taller order detail", "content_type": 55, "codename": "change_referenceguidetallerorderdetail"}}, {"model": "auth.permission", "pk": 171, "fields": {"name": "Can delete reference guide taller order detail", "content_type": 55, "codename": "delete_referenceguidetallerorderdetail"}}, {"model": "auth.permission", "pk": 172, "fields": {"name": "Can add reference guide taller order", "content_type": 56, "codename": "add_referenceguidetallerorder"}}, {"model": "auth.permission", "pk": 173, "fields": {"name": "Can change reference guide taller order", "content_type": 56, "codename": "change_referenceguidetallerorder"}}, {"model": "auth.permission", "pk": 174, "fields": {"name": "Can delete reference guide taller order", "content_type": 56, "codename": "delete_referenceguidetallerorder"}}, {"model": "auth.permission", "pk": 175, "fields": {"name": "Can add purchase order detail", "content_type": 57, "codename": "add_purchaseorderdetail"}}, {"model": "auth.permission", "pk": 176, "fields": {"name": "Can change purchase order detail", "content_type": 57, "codename": "change_purchaseorderdetail"}}, {"model": "auth.permission", "pk": 177, "fields": {"name": "Can delete purchase order detail", "content_type": 57, "codename": "delete_purchaseorderdetail"}}, {"model": "auth.permission", "pk": 178, "fields": {"name": "Can add purchase order", "content_type": 58, "codename": "add_purchaseorder"}}, {"model": "auth.permission", "pk": 179, "fields": {"name": "Can change purchase order", "content_type": 58, "codename": "change_purchaseorder"}}, {"model": "auth.permission", "pk": 180, "fields": {"name": "Can delete purchase order", "content_type": 58, "codename": "delete_purchaseorder"}}, {"model": "auth.permission", "pk": 190, "fields": {"name": "Can add vehicle inventory", "content_type": 34, "codename": "add_vehicleinventory"}}, {"model": "auth.permission", "pk": 191, "fields": {"name": "Can change vehicle inventory", "content_type": 34, "codename": "change_vehicleinventory"}}, {"model": "auth.permission", "pk": 192, "fields": {"name": "Can delete vehicle inventory", "content_type": 34, "codename": "delete_vehicleinventory"}}, {"model": "auth.permission", "pk": 193, "fields": {"name": "Can add supplier subsidiary", "content_type": 62, "codename": "add_suppliersubsidiary"}}, {"model": "auth.permission", "pk": 194, "fields": {"name": "Can change supplier subsidiary", "content_type": 62, "codename": "change_suppliersubsidiary"}}, {"model": "auth.permission", "pk": 195, "fields": {"name": "Can delete supplier subsidiary", "content_type": 62, "codename": "delete_suppliersubsidiary"}}, {"model": "auth.permission", "pk": 196, "fields": {"name": "Can add vehicle image", "content_type": 63, "codename": "add_vehicleimage"}}, {"model": "auth.permission", "pk": 197, "fields": {"name": "Can change vehicle image", "content_type": 63, "codename": "change_vehicleimage"}}, {"model": "auth.permission", "pk": 198, "fields": {"name": "Can delete vehicle image", "content_type": 63, "codename": "delete_vehicleimage"}}, {"model": "auth.permission", "pk": 208, "fields": {"name": "Can add team", "content_type": 67, "codename": "add_team"}}, {"model": "auth.permission", "pk": 209, "fields": {"name": "Can change team", "content_type": 67, "codename": "change_team"}}, {"model": "auth.permission", "pk": 210, "fields": {"name": "Can delete team", "content_type": 67, "codename": "delete_team"}}, {"model": "auth.permission", "pk": 214, "fields": {"name": "Can add team menu", "content_type": 69, "codename": "add_teammenu"}}, {"model": "auth.permission", "pk": 215, "fields": {"name": "Can change team menu", "content_type": 69, "codename": "change_teammenu"}}, {"model": "auth.permission", "pk": 216, "fields": {"name": "Can delete team menu", "content_type": 69, "codename": "delete_teammenu"}}, {"model": "auth.permission", "pk": 217, "fields": {"name": "Can add permissions menu", "content_type": 70, "codename": "add_permissionsmenu"}}, {"model": "auth.permission", "pk": 218, "fields": {"name": "Can change permissions menu", "content_type": 70, "codename": "change_permissionsmenu"}}, {"model": "auth.permission", "pk": 219, "fields": {"name": "Can delete permissions menu", "content_type": 70, "codename": "delete_permissionsmenu"}}, {"model": "auth.permission", "pk": 220, "fields": {"name": "Can add menu permissions", "content_type": 70, "codename": "add_menupermissions"}}, {"model": "auth.permission", "pk": 221, "fields": {"name": "Can change menu permissions", "content_type": 70, "codename": "change_menupermissions"}}, {"model": "auth.permission", "pk": 222, "fields": {"name": "Can delete menu permissions", "content_type": 70, "codename": "delete_menupermissions"}}, {"model": "auth.permission", "pk": 223, "fields": {"name": "Can add team menu item", "content_type": 71, "codename": "add_teammenuitem"}}, {"model": "auth.permission", "pk": 224, "fields": {"name": "Can change team menu item", "content_type": 71, "codename": "change_teammenuitem"}}, {"model": "auth.permission", "pk": 225, "fields": {"name": "Can delete team menu item", "content_type": 71, "codename": "delete_teammenuitem"}}, {"model": "auth.permission", "pk": 232, "fields": {"name": "Can add quotation store", "content_type": 74, "codename": "add_quotationstore"}}, {"model": "auth.permission", "pk": 233, "fields": {"name": "Can change quotation store", "content_type": 74, "codename": "change_quotationstore"}}, {"model": "auth.permission", "pk": 234, "fields": {"name": "Can delete quotation store", "content_type": 74, "codename": "delete_quotationstore"}}, {"model": "auth.permission", "pk": 235, "fields": {"name": "Can add quotation store detail", "content_type": 75, "codename": "add_quotationstoredetail"}}, {"model": "auth.permission", "pk": 236, "fields": {"name": "Can change quotation store detail", "content_type": 75, "codename": "change_quotationstoredetail"}}, {"model": "auth.permission", "pk": 237, "fields": {"name": "Can delete quotation store detail", "content_type": 75, "codename": "delete_quotationstoredetail"}}, {"model": "auth.permission", "pk": 238, "fields": {"name": "Can add tax configuration", "content_type": 76, "codename": "add_taxconfiguration"}}, {"model": "auth.permission", "pk": 239, "fields": {"name": "Can change tax configuration", "content_type": 76, "codename": "change_taxconfiguration"}}, {"model": "auth.permission", "pk": 240, "fields": {"name": "Can delete tax configuration", "content_type": 76, "codename": "delete_taxconfiguration"}}, {"model": "auth.permission", "pk": 241, "fields": {"name": "Can add act delivery vehicle", "content_type": 77, "codename": "add_actdeliveryvehicle"}}, {"model": "auth.permission", "pk": 242, "fields": {"name": "Can change act delivery vehicle", "content_type": 77, "codename": "change_actdeliveryvehicle"}}, {"model": "auth.permission", "pk": 243, "fields": {"name": "Can delete act delivery vehicle", "content_type": 77, "codename": "delete_actdeliveryvehicle"}}, {"model": "auth.permission", "pk": 244, "fields": {"name": "Can add inventory delivery vehicle", "content_type": 78, "codename": "add_inventorydeliveryvehicle"}}, {"model": "auth.permission", "pk": 245, "fields": {"name": "Can change inventory delivery vehicle", "content_type": 78, "codename": "change_inventorydeliveryvehicle"}}, {"model": "auth.permission", "pk": 246, "fields": {"name": "Can delete inventory delivery vehicle", "content_type": 78, "codename": "delete_inventorydeliveryvehicle"}}, {"model": "auth.permission", "pk": 247, "fields": {"name": "Can add observation delivery vehicle", "content_type": 79, "codename": "add_observationdeliveryvehicle"}}, {"model": "auth.permission", "pk": 248, "fields": {"name": "Can change observation delivery vehicle", "content_type": 79, "codename": "change_observationdeliveryvehicle"}}, {"model": "auth.permission", "pk": 249, "fields": {"name": "Can delete observation delivery vehicle", "content_type": 79, "codename": "delete_observationdeliveryvehicle"}}, {"model": "auth.permission", "pk": 289, "fields": {"name": "Can add product sub category", "content_type": 92, "codename": "add_productsubcategory"}}, {"model": "auth.permission", "pk": 290, "fields": {"name": "Can change product sub category", "content_type": 92, "codename": "change_productsubcategory"}}, {"model": "auth.permission", "pk": 291, "fields": {"name": "Can delete product sub category", "content_type": 92, "codename": "delete_productsubcategory"}}, {"model": "auth.permission", "pk": 298, "fields": {"name": "Can add consult service", "content_type": 95, "codename": "add_consultservice"}}, {"model": "auth.permission", "pk": 299, "fields": {"name": "Can change consult service", "content_type": 95, "codename": "change_consultservice"}}, {"model": "auth.permission", "pk": 300, "fields": {"name": "Can delete consult service", "content_type": 95, "codename": "delete_consultservice"}}, {"model": "auth.permission", "pk": 301, "fields": {"name": "Can add labour category", "content_type": 96, "codename": "add_labourcategory"}}, {"model": "auth.permission", "pk": 302, "fields": {"name": "Can change labour category", "content_type": 96, "codename": "change_labourcategory"}}, {"model": "auth.permission", "pk": 303, "fields": {"name": "Can delete labour category", "content_type": 96, "codename": "delete_labourcategory"}}, {"model": "auth.permission", "pk": 304, "fields": {"name": "Can add labour", "content_type": 97, "codename": "add_labour"}}, {"model": "auth.permission", "pk": 305, "fields": {"name": "Can change labour", "content_type": 97, "codename": "change_labour"}}, {"model": "auth.permission", "pk": 306, "fields": {"name": "Can delete labour", "content_type": 97, "codename": "delete_labour"}}, {"model": "auth.permission", "pk": 307, "fields": {"name": "Can add work assignment", "content_type": 98, "codename": "add_workassignment"}}, {"model": "auth.permission", "pk": 308, "fields": {"name": "Can change work assignment", "content_type": 98, "codename": "change_workassignment"}}, {"model": "auth.permission", "pk": 309, "fields": {"name": "Can delete work assignment", "content_type": 98, "codename": "delete_workassignment"}}, {"model": "auth.permission", "pk": 310, "fields": {"name": "Can add requisition store", "content_type": 99, "codename": "add_requisitionstore"}}, {"model": "auth.permission", "pk": 311, "fields": {"name": "Can change requisition store", "content_type": 99, "codename": "change_requisitionstore"}}, {"model": "auth.permission", "pk": 312, "fields": {"name": "Can delete requisition store", "content_type": 99, "codename": "delete_requisitionstore"}}, {"model": "auth.permission", "pk": 313, "fields": {"name": "Can add requisition store detail", "content_type": 100, "codename": "add_requisitionstoredetail"}}, {"model": "auth.permission", "pk": 314, "fields": {"name": "Can change requisition store detail", "content_type": 100, "codename": "change_requisitionstoredetail"}}, {"model": "auth.permission", "pk": 315, "fields": {"name": "Can delete requisition store detail", "content_type": 100, "codename": "delete_requisitionstoredetail"}}, {"model": "auth.permission", "pk": 316, "fields": {"name": "Can add work assignment store", "content_type": 101, "codename": "add_workassignmentstore"}}, {"model": "auth.permission", "pk": 317, "fields": {"name": "Can change work assignment store", "content_type": 101, "codename": "change_workassignmentstore"}}, {"model": "auth.permission", "pk": 318, "fields": {"name": "Can delete work assignment store", "content_type": 101, "codename": "delete_workassignmentstore"}}, {"model": "auth.permission", "pk": 319, "fields": {"name": "Can add work assignment detail", "content_type": 102, "codename": "add_workassignmentdetail"}}, {"model": "auth.permission", "pk": 320, "fields": {"name": "Can change work assignment detail", "content_type": 102, "codename": "change_workassignmentdetail"}}, {"model": "auth.permission", "pk": 321, "fields": {"name": "Can delete work assignment detail", "content_type": 102, "codename": "delete_workassignmentdetail"}}, {"model": "admin.logentry", "pk": 1, "fields": {"action_time": "2016-10-04T23:22:34.368Z", "user": 1, "content_type": 10, "object_id": "1", "object_repr": "SOLES", "action_flag": 1, "change_message": "[{\"added\": {}}]"}}, {"model": "admin.logentry", "pk": 2, "fields": {"action_time": "2016-10-04T23:22:54.219Z", "user": 1, "content_type": 11, "object_id": "1", "object_repr": "SOLES-1", "action_flag": 1, "change_message": "[{\"added\": {}}]"}}, {"model": "admin.logentry", "pk": 3, "fields": {"action_time": "2016-10-04T23:23:08.853Z", "user": 1, "content_type": 26, "object_id": "1", "object_repr": "matenimiento", "action_flag": 1, "change_message": "[{\"added\": {}}]"}}, {"model": "admin.logentry", "pk": 4, "fields": {"action_time": "2016-10-04T23:23:15.220Z", "user": 1, "content_type": 26, "object_id": "2", "object_repr": "Alquileres", "action_flag": 1, "change_message": "[{\"added\": {}}]"}}, {"model": "admin.logentry", "pk": 5, "fields": {"action_time": "2016-10-04T23:47:56.102Z", "user": 1, "content_type": 30, "object_id": "1", "object_repr": "Abarth", "action_flag": 1, "change_message": "[{\"added\": {}}]"}}, {"model": "admin.logentry", "pk": 6, "fields": {"action_time": "2016-10-04T23:48:01.002Z", "user": 1, "content_type": 30, "object_id": "2", "object_repr": "Alfa", "action_flag": 1, "change_message": "[{\"added\": {}}]"}}, {"model": "admin.logentry", "pk": 7, "fields": {"action_time": "2016-10-04T23:48:05.360Z", "user": 1, "content_type": 30, "object_id": "3", "object_repr": "Alpina", "action_flag": 1, "change_message": "[{\"added\": {}}]"}}, {"model": "admin.logentry", "pk": 8, "fields": {"action_time": "2016-10-04T23:48:11.131Z", "user": 1, "content_type": 30, "object_id": "4", "object_repr": "Aston Martin", "action_flag": 1, "change_message": "[{\"added\": {}}]"}}, {"model": "admin.logentry", "pk": 9, "fields": {"action_time": "2016-10-04T23:48:17.451Z", "user": 1, "content_type": 30, "object_id": "5", "object_repr": "Audi", "action_flag": 1, "change_message": "[{\"added\": {}}]"}}, {"model": "admin.logentry", "pk": 10, "fields": {"action_time": "2016-10-04T23:48:21.411Z", "user": 1, "content_type": 30, "object_id": "6", "object_repr": "Barkas", "action_flag": 1, "change_message": "[{\"added\": {}}]"}}, {"model": "admin.logentry", "pk": 11, "fields": {"action_time": "2016-10-04T23:48:27.003Z", "user": 1, "content_type": 30, "object_id": "7", "object_repr": "Bentley", "action_flag": 1, "change_message": "[{\"added\": {}}]"}}, {"model": "admin.logentry", "pk": 12, "fields": {"action_time": "2016-10-04T23:48:31.827Z", "user": 1, "content_type": 30, "object_id": "8", "object_repr": "BMW", "action_flag": 1, "change_message": "[{\"added\": {}}]"}}, {"model": "admin.logentry", "pk": 13, "fields": {"action_time": "2016-10-04T23:48:35.947Z", "user": 1, "content_type": 30, "object_id": "9", "object_repr": "Cadillac", "action_flag": 1, "change_message": "[{\"added\": {}}]"}}, {"model": "admin.logentry", "pk": 14, "fields": {"action_time": "2016-10-04T23:48:40.382Z", "user": 1, "content_type": 30, "object_id": "10", "object_repr": "Caterham", "action_flag": 1, "change_message": "[{\"added\": {}}]"}}, {"model": "admin.logentry", "pk": 15, "fields": {"action_time": "2016-10-04T23:48:48.570Z", "user": 1, "content_type": 30, "object_id": "11", "object_repr": "Chevrolet", "action_flag": 1, "change_message": "[{\"added\": {}}]"}}, {"model": "admin.logentry", "pk": 16, "fields": {"action_time": "2016-10-04T23:48:49.195Z", "user": 1, "content_type": 30, "object_id": "12", "object_repr": "", "action_flag": 1, "change_message": "[{\"added\": {}}]"}}, {"model": "admin.logentry", "pk": 17, "fields": {"action_time": "2016-10-04T23:48:53.348Z", "user": 1, "content_type": 30, "object_id": "13", "object_repr": "Chrysler", "action_flag": 1, "change_message": "[{\"added\": {}}]"}}, {"model": "admin.logentry", "pk": 18, "fields": {"action_time": "2016-10-04T23:49:11.255Z", "user": 1, "content_type": 30, "object_id": "14", "object_repr": "Citroen", "action_flag": 1, "change_message": "[{\"added\": {}}]"}}, {"model": "admin.logentry", "pk": 19, "fields": {"action_time": "2016-10-04T23:49:17.223Z", "user": 1, "content_type": 30, "object_id": "15", "object_repr": "Corvette", "action_flag": 1, "change_message": "[{\"added\": {}}]"}}, {"model": "admin.logentry", "pk": 20, "fields": {"action_time": "2016-10-04T23:49:23.396Z", "user": 1, "content_type": 30, "object_id": "16", "object_repr": "Dacia", "action_flag": 1, "change_message": "[{\"added\": {}}]"}}, {"model": "admin.logentry", "pk": 21, "fields": {"action_time": "2016-10-04T23:49:27.749Z", "user": 1, "content_type": 30, "object_id": "17", "object_repr": "Daewoo", "action_flag": 1, "change_message": "[{\"added\": {}}]"}}, {"model": "admin.logentry", "pk": 22, "fields": {"action_time": "2016-10-04T23:49:34.024Z", "user": 1, "content_type": 30, "object_id": "18", "object_repr": "Daihatsu", "action_flag": 1, "change_message": "[{\"added\": {}}]"}}, {"model": "admin.logentry", "pk": 23, "fields": {"action_time": "2016-10-04T23:49:37.692Z", "user": 1, "content_type": 30, "object_id": "19", "object_repr": "Dodge", "action_flag": 1, "change_message": "[{\"added\": {}}]"}}, {"model": "admin.logentry", "pk": 24, "fields": {"action_time": "2016-10-04T23:49:42.590Z", "user": 1, "content_type": 30, "object_id": "20", "object_repr": "Ferrari", "action_flag": 1, "change_message": "[{\"added\": {}}]"}}, {"model": "admin.logentry", "pk": 25, "fields": {"action_time": "2016-10-04T23:49:54.442Z", "user": 1, "content_type": 30, "object_id": "21", "object_repr": "Fiat", "action_flag": 1, "change_message": "[{\"added\": {}}]"}}, {"model": "admin.logentry", "pk": 26, "fields": {"action_time": "2016-10-04T23:49:56.544Z", "user": 1, "content_type": 30, "object_id": "22", "object_repr": "Ford", "action_flag": 1, "change_message": "[{\"added\": {}}]"}}, {"model": "admin.logentry", "pk": 27, "fields": {"action_time": "2016-10-04T23:50:01.583Z", "user": 1, "content_type": 30, "object_id": "23", "object_repr": "Honda", "action_flag": 1, "change_message": "[{\"added\": {}}]"}}, {"model": "admin.logentry", "pk": 28, "fields": {"action_time": "2016-10-04T23:50:06.474Z", "user": 1, "content_type": 30, "object_id": "24", "object_repr": "Hummer", "action_flag": 1, "change_message": "[{\"added\": {}}]"}}, {"model": "admin.logentry", "pk": 29, "fields": {"action_time": "2016-10-04T23:50:11.814Z", "user": 1, "content_type": 30, "object_id": "25", "object_repr": "Hyundai", "action_flag": 1, "change_message": "[{\"added\": {}}]"}}, {"model": "admin.logentry", "pk": 30, "fields": {"action_time": "2016-10-04T23:50:17.638Z", "user": 1, "content_type": 30, "object_id": "26", "object_repr": "Infiniti", "action_flag": 1, "change_message": "[{\"added\": {}}]"}}, {"model": "admin.logentry", "pk": 31, "fields": {"action_time": "2016-10-04T23:50:26.319Z", "user": 1, "content_type": 30, "object_id": "27", "object_repr": "Isuzu", "action_flag": 1, "change_message": "[{\"added\": {}}]"}}, {"model": "admin.logentry", "pk": 32, "fields": {"action_time": "2016-10-04T23:50:31.097Z", "user": 1, "content_type": 30, "object_id": "28", "object_repr": "Iveco", "action_flag": 1, "change_message": "[{\"added\": {}}]"}}, {"model": "admin.logentry", "pk": 33, "fields": {"action_time": "2016-10-04T23:50:35.392Z", "user": 1, "content_type": 30, "object_id": "29", "object_repr": "Jaguar", "action_flag": 1, "change_message": "[{\"added\": {}}]"}}, {"model": "admin.logentry", "pk": 34, "fields": {"action_time": "2016-10-04T23:50:41.269Z", "user": 1, "content_type": 30, "object_id": "30", "object_repr": "Jeep", "action_flag": 1, "change_message": "[{\"added\": {}}]"}}, {"model": "admin.logentry", "pk": 35, "fields": {"action_time": "2016-10-04T23:50:47.153Z", "user": 1, "content_type": 30, "object_id": "31", "object_repr": "Kia", "action_flag": 1, "change_message": "[{\"added\": {}}]"}}, {"model": "admin.logentry", "pk": 36, "fields": {"action_time": "2016-10-04T23:50:58.242Z", "user": 1, "content_type": 30, "object_id": "32", "object_repr": "Lada", "action_flag": 1, "change_message": "[{\"added\": {}}]"}}, {"model": "admin.logentry", "pk": 37, "fields": {"action_time": "2016-10-04T23:51:03.294Z", "user": 1, "content_type": 30, "object_id": "33", "object_repr": "Lamborghini", "action_flag": 1, "change_message": "[{\"added\": {}}]"}}, {"model": "admin.logentry", "pk": 38, "fields": {"action_time": "2016-10-04T23:51:07.447Z", "user": 1, "content_type": 30, "object_id": "34", "object_repr": "Lancia", "action_flag": 1, "change_message": "[{\"added\": {}}]"}}, {"model": "admin.logentry", "pk": 39, "fields": {"action_time": "2016-10-04T23:51:12.263Z", "user": 1, "content_type": 30, "object_id": "35", "object_repr": "Land Rover", "action_flag": 1, "change_message": "[{\"added\": {}}]"}}, {"model": "admin.logentry", "pk": 40, "fields": {"action_time": "2016-10-04T23:51:16.909Z", "user": 1, "content_type": 30, "object_id": "36", "object_repr": "Lexus", "action_flag": 1, "change_message": "[{\"added\": {}}]"}}, {"model": "admin.logentry", "pk": 41, "fields": {"action_time": "2016-10-04T23:51:21.253Z", "user": 1, "content_type": 30, "object_id": "37", "object_repr": "Lotus", "action_flag": 1, "change_message": "[{\"added\": {}}]"}}, {"model": "admin.logentry", "pk": 42, "fields": {"action_time": "2016-10-04T23:51:25.587Z", "user": 1, "content_type": 30, "object_id": "38", "object_repr": "MAN", "action_flag": 1, "change_message": "[{\"added\": {}}]"}}, {"model": "admin.logentry", "pk": 43, "fields": {"action_time": "2016-10-04T23:51:30.501Z", "user": 1, "content_type": 30, "object_id": "39", "object_repr": "Maserati", "action_flag": 1, "change_message": "[{\"added\": {}}]"}}, {"model": "admin.logentry", "pk": 44, "fields": {"action_time": "2016-10-04T23:51:40.592Z", "user": 1, "content_type": 30, "object_id": "40", "object_repr": "Maybach", "action_flag": 1, "change_message": "[{\"added\": {}}]"}}, {"model": "admin.logentry", "pk": 45, "fields": {"action_time": "2016-10-04T23:51:43.798Z", "user": 1, "content_type": 30, "object_id": "41", "object_repr": "Mazda", "action_flag": 1, "change_message": "[{\"added\": {}}]"}}, {"model": "admin.logentry", "pk": 46, "fields": {"action_time": "2016-10-04T23:51:50.499Z", "user": 1, "content_type": 30, "object_id": "42", "object_repr": "Mercedes-Benz", "action_flag": 1, "change_message": "[{\"added\": {}}]"}}, {"model": "admin.logentry", "pk": 47, "fields": {"action_time": "2016-10-04T23:51:55.808Z", "user": 1, "content_type": 30, "object_id": "43", "object_repr": "MG Rover", "action_flag": 1, "change_message": "[{\"added\": {}}]"}}, {"model": "admin.logentry", "pk": 48, "fields": {"action_time": "2016-10-04T23:51:59.727Z", "user": 1, "content_type": 30, "object_id": "44", "object_repr": "MINI", "action_flag": 1, "change_message": "[{\"added\": {}}]"}}, {"model": "admin.logentry", "pk": 49, "fields": {"action_time": "2016-10-04T23:52:03.814Z", "user": 1, "content_type": 30, "object_id": "45", "object_repr": "Mitsubishi", "action_flag": 1, "change_message": "[{\"added\": {}}]"}}, {"model": "admin.logentry", "pk": 50, "fields": {"action_time": "2016-10-04T23:52:08.981Z", "user": 1, "content_type": 30, "object_id": "46", "object_repr": "Nissan", "action_flag": 1, "change_message": "[{\"added\": {}}]"}}, {"model": "admin.logentry", "pk": 51, "fields": {"action_time": "2016-10-04T23:52:13.517Z", "user": 1, "content_type": 30, "object_id": "47", "object_repr": "Opel", "action_flag": 1, "change_message": "[{\"added\": {}}]"}}, {"model": "admin.logentry", "pk": 52, "fields": {"action_time": "2016-10-04T23:54:42.160Z", "user": 1, "content_type": 30, "object_id": "48", "object_repr": "Peugeot", "action_flag": 1, "change_message": "[{\"added\": {}}]"}}, {"model": "admin.logentry", "pk": 53, "fields": {"action_time": "2016-10-04T23:54:52.379Z", "user": 1, "content_type": 30, "object_id": "49", "object_repr": "Piaggio (Vespa)", "action_flag": 1, "change_message": "[{\"added\": {}}]"}}, {"model": "admin.logentry", "pk": 54, "fields": {"action_time": "2016-10-04T23:55:02.495Z", "user": 1, "content_type": 30, "object_id": "50", "object_repr": "Pontiac", "action_flag": 1, "change_message": "[{\"added\": {}}]"}}, {"model": "admin.logentry", "pk": 55, "fields": {"action_time": "2016-10-04T23:55:06.412Z", "user": 1, "content_type": 30, "object_id": "51", "object_repr": "Porsche", "action_flag": 1, "change_message": "[{\"added\": {}}]"}}, {"model": "admin.logentry", "pk": 56, "fields": {"action_time": "2016-10-04T23:55:10.563Z", "user": 1, "content_type": 30, "object_id": "52", "object_repr": "Renault", "action_flag": 1, "change_message": "[{\"added\": {}}]"}}, {"model": "admin.logentry", "pk": 57, "fields": {"action_time": "2016-10-04T23:55:15.636Z", "user": 1, "content_type": 30, "object_id": "53", "object_repr": "Rolls Royce", "action_flag": 1, "change_message": "[{\"added\": {}}]"}}, {"model": "admin.logentry", "pk": 58, "fields": {"action_time": "2016-10-04T23:55:20.129Z", "user": 1, "content_type": 30, "object_id": "54", "object_repr": "Saab", "action_flag": 1, "change_message": "[{\"added\": {}}]"}}, {"model": "admin.logentry", "pk": 59, "fields": {"action_time": "2016-10-04T23:55:32.918Z", "user": 1, "content_type": 30, "object_id": "55", "object_repr": "Seat", "action_flag": 1, "change_message": "[{\"added\": {}}]"}}, {"model": "admin.logentry", "pk": 60, "fields": {"action_time": "2016-10-04T23:55:38.126Z", "user": 1, "content_type": 30, "object_id": "56", "object_repr": "Skoda", "action_flag": 1, "change_message": "[{\"added\": {}}]"}}, {"model": "admin.logentry", "pk": 61, "fields": {"action_time": "2016-10-04T23:55:42.971Z", "user": 1, "content_type": 30, "object_id": "57", "object_repr": "Smart", "action_flag": 1, "change_message": "[{\"added\": {}}]"}}, {"model": "admin.logentry", "pk": 62, "fields": {"action_time": "2016-10-04T23:55:48.953Z", "user": 1, "content_type": 30, "object_id": "58", "object_repr": "Ssangyong", "action_flag": 1, "change_message": "[{\"added\": {}}]"}}, {"model": "admin.logentry", "pk": 63, "fields": {"action_time": "2016-10-04T23:55:53.429Z", "user": 1, "content_type": 30, "object_id": "59", "object_repr": "Subaru", "action_flag": 1, "change_message": "[{\"added\": {}}]"}}, {"model": "admin.logentry", "pk": 64, "fields": {"action_time": "2016-10-04T23:55:58.105Z", "user": 1, "content_type": 30, "object_id": "60", "object_repr": "Suzuki", "action_flag": 1, "change_message": "[{\"added\": {}}]"}}, {"model": "admin.logentry", "pk": 65, "fields": {"action_time": "2016-10-04T23:56:04.558Z", "user": 1, "content_type": 30, "object_id": "61", "object_repr": "Tata", "action_flag": 1, "change_message": "[{\"added\": {}}]"}}, {"model": "admin.logentry", "pk": 66, "fields": {"action_time": "2016-10-04T23:56:14.638Z", "user": 1, "content_type": 30, "object_id": "62", "object_repr": "Toyota", "action_flag": 1, "change_message": "[{\"added\": {}}]"}}, {"model": "admin.logentry", "pk": 67, "fields": {"action_time": "2016-10-04T23:56:18.564Z", "user": 1, "content_type": 30, "object_id": "63", "object_repr": "Volkswagen", "action_flag": 1, "change_message": "[{\"added\": {}}]"}}, {"model": "admin.logentry", "pk": 68, "fields": {"action_time": "2016-10-04T23:56:23.483Z", "user": 1, "content_type": 30, "object_id": "64", "object_repr": "Volvo", "action_flag": 1, "change_message": "[{\"added\": {}}]"}}, {"model": "admin.logentry", "pk": 69, "fields": {"action_time": "2016-10-04T23:56:30.301Z", "user": 1, "content_type": 30, "object_id": "65", "object_repr": "Westfield", "action_flag": 1, "change_message": "[{\"added\": {}}]"}}, {"model": "admin.logentry", "pk": 70, "fields": {"action_time": "2016-10-04T23:57:30.717Z", "user": 1, "content_type": null, "object_id": "1", "object_repr": "500", "action_flag": 1, "change_message": "[{\"added\": {}}]"}}, {"model": "admin.logentry", "pk": 71, "fields": {"action_time": "2016-10-04T23:57:47.178Z", "user": 1, "content_type": null, "object_id": "2", "object_repr": "Grande Punto", "action_flag": 1, "change_message": "[{\"added\": {}}]"}}, {"model": "admin.logentry", "pk": 72, "fields": {"action_time": "2016-10-04T23:57:54.470Z", "user": 1, "content_type": null, "object_id": "3", "object_repr": "Punto", "action_flag": 1, "change_message": "[{\"added\": {}}]"}}, {"model": "admin.logentry", "pk": 73, "fields": {"action_time": "2016-10-04T23:58:00.638Z", "user": 1, "content_type": null, "object_id": "4", "object_repr": "Ritmo", "action_flag": 1, "change_message": "[{\"added\": {}}]"}}, {"model": "admin.logentry", "pk": 74, "fields": {"action_time": "2016-10-04T23:58:10.314Z", "user": 1, "content_type": null, "object_id": "5", "object_repr": "Stilo", "action_flag": 1, "change_message": "[{\"added\": {}}]"}}, {"model": "admin.logentry", "pk": 75, "fields": {"action_time": "2016-10-05T00:00:52.956Z", "user": 1, "content_type": 31, "object_id": "1", "object_repr": "2008", "action_flag": 1, "change_message": "[{\"added\": {}}]"}}, {"model": "admin.logentry", "pk": 76, "fields": {"action_time": "2016-10-05T00:01:25.794Z", "user": 1, "content_type": 31, "object_id": "2", "object_repr": "2009", "action_flag": 1, "change_message": "[{\"added\": {}}]"}}, {"model": "admin.logentry", "pk": 77, "fields": {"action_time": "2016-10-05T00:01:32.362Z", "user": 1, "content_type": 31, "object_id": "3", "object_repr": "2010", "action_flag": 1, "change_message": "[{\"added\": {}}]"}}, {"model": "admin.logentry", "pk": 78, "fields": {"action_time": "2016-10-05T00:01:37.609Z", "user": 1, "content_type": 31, "object_id": "4", "object_repr": "2011", "action_flag": 1, "change_message": "[{\"added\": {}}]"}}, {"model": "admin.logentry", "pk": 79, "fields": {"action_time": "2016-10-05T00:29:26.190Z", "user": 1, "content_type": 31, "object_id": "4", "object_repr": "2011", "action_flag": 3, "change_message": ""}}, {"model": "admin.logentry", "pk": 80, "fields": {"action_time": "2016-10-05T00:29:26.191Z", "user": 1, "content_type": 31, "object_id": "3", "object_repr": "2010", "action_flag": 3, "change_message": ""}}, {"model": "admin.logentry", "pk": 81, "fields": {"action_time": "2016-10-05T00:29:26.191Z", "user": 1, "content_type": 31, "object_id": "2", "object_repr": "2009", "action_flag": 3, "change_message": ""}}, {"model": "admin.logentry", "pk": 82, "fields": {"action_time": "2016-10-05T00:29:26.192Z", "user": 1, "content_type": 31, "object_id": "1", "object_repr": "2008", "action_flag": 3, "change_message": ""}}, {"model": "admin.logentry", "pk": 83, "fields": {"action_time": "2016-10-05T00:32:57.688Z", "user": 1, "content_type": 31, "object_id": "1", "object_repr": "1989", "action_flag": 1, "change_message": "[{\"added\": {}}]"}}, {"model": "admin.logentry", "pk": 84, "fields": {"action_time": "2016-10-05T00:33:00.936Z", "user": 1, "content_type": 31, "object_id": "2", "object_repr": "1990", "action_flag": 1, "change_message": "[{\"added\": {}}]"}}, {"model": "admin.logentry", "pk": 85, "fields": {"action_time": "2016-10-05T00:33:03.766Z", "user": 1, "content_type": 31, "object_id": "3", "object_repr": "1991", "action_flag": 1, "change_message": "[{\"added\": {}}]"}}, {"model": "admin.logentry", "pk": 86, "fields": {"action_time": "2016-10-05T00:33:06.675Z", "user": 1, "content_type": 31, "object_id": "4", "object_repr": "1992", "action_flag": 1, "change_message": "[{\"added\": {}}]"}}, {"model": "admin.logentry", "pk": 87, "fields": {"action_time": "2016-10-05T00:33:12.303Z", "user": 1, "content_type": 31, "object_id": "5", "object_repr": "1993", "action_flag": 1, "change_message": "[{\"added\": {}}]"}}, {"model": "admin.logentry", "pk": 88, "fields": {"action_time": "2016-10-05T00:33:15.474Z", "user": 1, "content_type": 31, "object_id": "6", "object_repr": "1994", "action_flag": 1, "change_message": "[{\"added\": {}}]"}}, {"model": "admin.logentry", "pk": 89, "fields": {"action_time": "2016-10-05T00:33:18.791Z", "user": 1, "content_type": 31, "object_id": "7", "object_repr": "1995", "action_flag": 1, "change_message": "[{\"added\": {}}]"}}, {"model": "admin.logentry", "pk": 90, "fields": {"action_time": "2016-10-05T00:33:21.614Z", "user": 1, "content_type": 31, "object_id": "8", "object_repr": "1996", "action_flag": 1, "change_message": "[{\"added\": {}}]"}}, {"model": "admin.logentry", "pk": 91, "fields": {"action_time": "2016-10-05T00:33:24.693Z", "user": 1, "content_type": 31, "object_id": "9", "object_repr": "1997", "action_flag": 1, "change_message": "[{\"added\": {}}]"}}, {"model": "admin.logentry", "pk": 92, "fields": {"action_time": "2016-10-05T00:33:28.448Z", "user": 1, "content_type": 31, "object_id": "10", "object_repr": "1998", "action_flag": 1, "change_message": "[{\"added\": {}}]"}}, {"model": "admin.logentry", "pk": 93, "fields": {"action_time": "2016-10-05T00:33:31.469Z", "user": 1, "content_type": 31, "object_id": "11", "object_repr": "1999", "action_flag": 1, "change_message": "[{\"added\": {}}]"}}, {"model": "admin.logentry", "pk": 94, "fields": {"action_time": "2016-10-05T00:33:38.792Z", "user": 1, "content_type": 31, "object_id": "12", "object_repr": "2000", "action_flag": 1, "change_message": "[{\"added\": {}}]"}}, {"model": "admin.logentry", "pk": 95, "fields": {"action_time": "2016-10-05T00:33:41.722Z", "user": 1, "content_type": 31, "object_id": "13", "object_repr": "2001", "action_flag": 1, "change_message": "[{\"added\": {}}]"}}, {"model": "admin.logentry", "pk": 96, "fields": {"action_time": "2016-10-05T00:33:45.038Z", "user": 1, "content_type": 31, "object_id": "14", "object_repr": "2002", "action_flag": 1, "change_message": "[{\"added\": {}}]"}}, {"model": "admin.logentry", "pk": 97, "fields": {"action_time": "2016-10-05T00:33:49.814Z", "user": 1, "content_type": 31, "object_id": "15", "object_repr": "2003", "action_flag": 1, "change_message": "[{\"added\": {}}]"}}, {"model": "admin.logentry", "pk": 98, "fields": {"action_time": "2016-10-05T00:33:53.173Z", "user": 1, "content_type": 31, "object_id": "16", "object_repr": "2004", "action_flag": 1, "change_message": "[{\"added\": {}}]"}}, {"model": "admin.logentry", "pk": 99, "fields": {"action_time": "2016-10-05T00:33:56.204Z", "user": 1, "content_type": 31, "object_id": "17", "object_repr": "2005", "action_flag": 1, "change_message": "[{\"added\": {}}]"}}, {"model": "admin.logentry", "pk": 100, "fields": {"action_time": "2016-10-05T00:33:59.221Z", "user": 1, "content_type": 31, "object_id": "18", "object_repr": "2006", "action_flag": 1, "change_message": "[{\"added\": {}}]"}}, {"model": "admin.logentry", "pk": 101, "fields": {"action_time": "2016-10-05T00:34:02.053Z", "user": 1, "content_type": 31, "object_id": "19", "object_repr": "2007", "action_flag": 1, "change_message": "[{\"added\": {}}]"}}, {"model": "admin.logentry", "pk": 102, "fields": {"action_time": "2016-10-05T00:34:04.757Z", "user": 1, "content_type": 31, "object_id": "20", "object_repr": "2008", "action_flag": 1, "change_message": "[{\"added\": {}}]"}}, {"model": "admin.logentry", "pk": 103, "fields": {"action_time": "2016-10-05T00:34:08.138Z", "user": 1, "content_type": 31, "object_id": "21", "object_repr": "2009", "action_flag": 1, "change_message": "[{\"added\": {}}]"}}, {"model": "admin.logentry", "pk": 104, "fields": {"action_time": "2016-10-05T00:34:13.868Z", "user": 1, "content_type": 31, "object_id": "22", "object_repr": "2010", "action_flag": 1, "change_message": "[{\"added\": {}}]"}}, {"model": "admin.logentry", "pk": 105, "fields": {"action_time": "2016-10-05T00:34:18.847Z", "user": 1, "content_type": 31, "object_id": "23", "object_repr": "2011", "action_flag": 1, "change_message": "[{\"added\": {}}]"}}, {"model": "admin.logentry", "pk": 106, "fields": {"action_time": "2016-10-05T00:34:22.299Z", "user": 1, "content_type": 31, "object_id": "24", "object_repr": "2012", "action_flag": 1, "change_message": "[{\"added\": {}}]"}}, {"model": "admin.logentry", "pk": 107, "fields": {"action_time": "2016-10-05T00:34:25.280Z", "user": 1, "content_type": 31, "object_id": "25", "object_repr": "2013", "action_flag": 1, "change_message": "[{\"added\": {}}]"}}, {"model": "admin.logentry", "pk": 108, "fields": {"action_time": "2016-10-05T00:34:29.067Z", "user": 1, "content_type": 31, "object_id": "26", "object_repr": "2014", "action_flag": 1, "change_message": "[{\"added\": {}}]"}}, {"model": "admin.logentry", "pk": 109, "fields": {"action_time": "2016-10-05T00:34:32.113Z", "user": 1, "content_type": 31, "object_id": "27", "object_repr": "2015", "action_flag": 1, "change_message": "[{\"added\": {}}]"}}, {"model": "admin.logentry", "pk": 110, "fields": {"action_time": "2016-10-05T00:34:43.519Z", "user": 1, "content_type": 31, "object_id": "28", "object_repr": "2016", "action_flag": 1, "change_message": "[{\"added\": {}}]"}}, {"model": "admin.logentry", "pk": 111, "fields": {"action_time": "2016-10-05T00:42:55.298Z", "user": 1, "content_type": null, "object_id": "1", "object_repr": "Abarth-500-[2]", "action_flag": 1, "change_message": "[{\"added\": {}}]"}}, {"model": "admin.logentry", "pk": 112, "fields": {"action_time": "2016-10-05T00:43:13.632Z", "user": 1, "content_type": null, "object_id": "1", "object_repr": "Abarth-500-[2]", "action_flag": 2, "change_message": "[]"}}, {"model": "admin.logentry", "pk": 113, "fields": {"action_time": "2016-10-05T00:45:23.074Z", "user": 1, "content_type": null, "object_id": "2", "object_repr": "Abarth-Grande Punto", "action_flag": 1, "change_message": "[{\"added\": {}}]"}}, {"model": "admin.logentry", "pk": 114, "fields": {"action_time": "2016-10-05T00:46:09.538Z", "user": 1, "content_type": null, "object_id": "3", "object_repr": "Abarth-Punto", "action_flag": 1, "change_message": "[{\"added\": {}}]"}}, {"model": "admin.logentry", "pk": 115, "fields": {"action_time": "2016-10-05T00:46:28.924Z", "user": 1, "content_type": null, "object_id": "4", "object_repr": "Abarth-Ritmo", "action_flag": 1, "change_message": "[{\"added\": {}}]"}}, {"model": "admin.logentry", "pk": 116, "fields": {"action_time": "2016-10-05T00:46:47.191Z", "user": 1, "content_type": null, "object_id": "5", "object_repr": "Abarth-Stilo", "action_flag": 1, "change_message": "[{\"added\": {}}]"}}, {"model": "admin.logentry", "pk": 117, "fields": {"action_time": "2016-10-05T00:47:07.559Z", "user": 1, "content_type": 30, "object_id": "2", "object_repr": "Alfa Romero", "action_flag": 2, "change_message": "[{\"changed\": {\"fields\": [\"name\"]}}]"}}, {"model": "admin.logentry", "pk": 118, "fields": {"action_time": "2016-10-05T00:48:46.534Z", "user": 1, "content_type": null, "object_id": "6", "object_repr": "4C", "action_flag": 1, "change_message": "[{\"added\": {}}]"}}, {"model": "admin.logentry", "pk": 119, "fields": {"action_time": "2016-10-05T00:48:57.770Z", "user": 1, "content_type": null, "object_id": "7", "object_repr": "4c Spider", "action_flag": 1, "change_message": "[{\"added\": {}}]"}}, {"model": "admin.logentry", "pk": 120, "fields": {"action_time": "2016-10-05T00:49:14.322Z", "user": 1, "content_type": null, "object_id": "8", "object_repr": "8C Competizione", "action_flag": 1, "change_message": "[{\"added\": {}}]"}}, {"model": "admin.logentry", "pk": 121, "fields": {"action_time": "2016-10-05T00:49:29.176Z", "user": 1, "content_type": null, "object_id": "9", "object_repr": "Alfa 145", "action_flag": 1, "change_message": "[{\"added\": {}}]"}}, {"model": "admin.logentry", "pk": 122, "fields": {"action_time": "2016-10-05T00:49:34.960Z", "user": 1, "content_type": null, "object_id": "10", "object_repr": "Alfa 146", "action_flag": 1, "change_message": "[{\"added\": {}}]"}}, {"model": "admin.logentry", "pk": 123, "fields": {"action_time": "2016-10-05T00:49:41.098Z", "user": 1, "content_type": null, "object_id": "11", "object_repr": "Alfa 147", "action_flag": 1, "change_message": "[{\"added\": {}}]"}}, {"model": "admin.logentry", "pk": 124, "fields": {"action_time": "2016-10-05T00:49:49.600Z", "user": 1, "content_type": null, "object_id": "12", "object_repr": "Alfa 155", "action_flag": 1, "change_message": "[{\"added\": {}}]"}}, {"model": "admin.logentry", "pk": 125, "fields": {"action_time": "2016-10-05T00:49:55.756Z", "user": 1, "content_type": null, "object_id": "13", "object_repr": "Alfa 156", "action_flag": 1, "change_message": "[{\"added\": {}}]"}}, {"model": "admin.logentry", "pk": 126, "fields": {"action_time": "2016-10-05T00:50:00.957Z", "user": 1, "content_type": null, "object_id": "14", "object_repr": "Alfa 159", "action_flag": 1, "change_message": "[{\"added\": {}}]"}}, {"model": "admin.logentry", "pk": 127, "fields": {"action_time": "2016-10-05T00:50:10.947Z", "user": 1, "content_type": null, "object_id": "15", "object_repr": "164", "action_flag": 1, "change_message": "[{\"added\": {}}]"}}, {"model": "admin.logentry", "pk": 128, "fields": {"action_time": "2016-10-05T00:50:27.254Z", "user": 1, "content_type": null, "object_id": "16", "object_repr": "Alfa 166", "action_flag": 1, "change_message": "[{\"added\": {}}]"}}, {"model": "admin.logentry", "pk": 129, "fields": {"action_time": "2016-10-05T00:50:32.129Z", "user": 1, "content_type": null, "object_id": "17", "object_repr": "Alfa 33", "action_flag": 1, "change_message": "[{\"added\": {}}]"}}, {"model": "admin.logentry", "pk": 130, "fields": {"action_time": "2016-10-05T00:50:41.685Z", "user": 1, "content_type": null, "object_id": "18", "object_repr": "Alfa 6", "action_flag": 1, "change_message": "[{\"added\": {}}]"}}, {"model": "admin.logentry", "pk": 131, "fields": {"action_time": "2016-10-05T00:50:47.939Z", "user": 1, "content_type": null, "object_id": "19", "object_repr": "Alfa 75", "action_flag": 1, "change_message": "[{\"added\": {}}]"}}, {"model": "admin.logentry", "pk": 132, "fields": {"action_time": "2016-10-05T00:50:56.421Z", "user": 1, "content_type": null, "object_id": "20", "object_repr": "Alfa 90", "action_flag": 1, "change_message": "[{\"added\": {}}]"}}, {"model": "admin.logentry", "pk": 133, "fields": {"action_time": "2016-10-05T00:51:20.204Z", "user": 1, "content_type": null, "object_id": "21", "object_repr": "Alfa Brera", "action_flag": 1, "change_message": "[{\"added\": {}}]"}}, {"model": "admin.logentry", "pk": 134, "fields": {"action_time": "2016-10-05T00:51:23.567Z", "user": 1, "content_type": null, "object_id": "22", "object_repr": "Alfa GT", "action_flag": 1, "change_message": "[{\"added\": {}}]"}}, {"model": "admin.logentry", "pk": 135, "fields": {"action_time": "2016-10-05T00:51:35.963Z", "user": 1, "content_type": null, "object_id": "23", "object_repr": "Alfa GTV", "action_flag": 1, "change_message": "[{\"added\": {}}]"}}, {"model": "admin.logentry", "pk": 136, "fields": {"action_time": "2016-10-05T00:51:39.804Z", "user": 1, "content_type": null, "object_id": "24", "object_repr": "Alfa Spider", "action_flag": 1, "change_message": "[{\"added\": {}}]"}}, {"model": "admin.logentry", "pk": 137, "fields": {"action_time": "2016-10-05T00:52:02.892Z", "user": 1, "content_type": null, "object_id": "25", "object_repr": "Alfetta Serie III/GTV", "action_flag": 1, "change_message": "[{\"added\": {}}]"}}, {"model": "admin.logentry", "pk": 138, "fields": {"action_time": "2016-10-05T00:52:15.755Z", "user": 1, "content_type": null, "object_id": "26", "object_repr": "Giulietta", "action_flag": 1, "change_message": "[{\"added\": {}}]"}}, {"model": "admin.logentry", "pk": 139, "fields": {"action_time": "2016-10-05T00:52:32.355Z", "user": 1, "content_type": null, "object_id": "27", "object_repr": "MiTo", "action_flag": 1, "change_message": "[{\"added\": {}}]"}}, {"model": "admin.logentry", "pk": 140, "fields": {"action_time": "2016-10-05T00:53:41.210Z", "user": 1, "content_type": null, "object_id": "28", "object_repr": "B4", "action_flag": 1, "change_message": "[{\"added\": {}}]"}}, {"model": "admin.logentry", "pk": 141, "fields": {"action_time": "2016-10-05T00:53:46.427Z", "user": 1, "content_type": null, "object_id": "29", "object_repr": "B5", "action_flag": 1, "change_message": "[{\"added\": {}}]"}}, {"model": "admin.logentry", "pk": 142, "fields": {"action_time": "2016-10-05T00:53:53.529Z", "user": 1, "content_type": null, "object_id": "30", "object_repr": "B6", "action_flag": 1, "change_message": "[{\"added\": {}}]"}}, {"model": "admin.logentry", "pk": 143, "fields": {"action_time": "2016-10-05T00:54:08.683Z", "user": 1, "content_type": null, "object_id": "31", "object_repr": "B6 Gran Coupe", "action_flag": 1, "change_message": "[{\"added\": {}}]"}}, {"model": "admin.logentry", "pk": 144, "fields": {"action_time": "2016-10-05T00:54:15.785Z", "user": 1, "content_type": null, "object_id": "32", "object_repr": "B7", "action_flag": 1, "change_message": "[{\"added\": {}}]"}}, {"model": "admin.logentry", "pk": 145, "fields": {"action_time": "2016-10-05T00:54:22.360Z", "user": 1, "content_type": null, "object_id": "33", "object_repr": "D3", "action_flag": 1, "change_message": "[{\"added\": {}}]"}}, {"model": "admin.logentry", "pk": 146, "fields": {"action_time": "2016-10-05T00:54:30.193Z", "user": 1, "content_type": null, "object_id": "34", "object_repr": "D5", "action_flag": 1, "change_message": "[{\"added\": {}}]"}}, {"model": "admin.logentry", "pk": 147, "fields": {"action_time": "2016-10-05T00:54:37.166Z", "user": 1, "content_type": null, "object_id": "35", "object_repr": "XD3", "action_flag": 1, "change_message": "[{\"added\": {}}]"}}, {"model": "admin.logentry", "pk": 148, "fields": {"action_time": "2016-10-05T00:55:09.125Z", "user": 1, "content_type": null, "object_id": "36", "object_repr": "DB 7", "action_flag": 1, "change_message": "[{\"added\": {}}]"}}, {"model": "admin.logentry", "pk": 149, "fields": {"action_time": "2016-10-05T00:55:18.773Z", "user": 1, "content_type": null, "object_id": "37", "object_repr": "DB 9", "action_flag": 1, "change_message": "[{\"added\": {}}]"}}, {"model": "admin.logentry", "pk": 150, "fields": {"action_time": "2016-10-05T00:55:29.587Z", "user": 1, "content_type": null, "object_id": "38", "object_repr": "DBS", "action_flag": 1, "change_message": "[{\"added\": {}}]"}}, {"model": "admin.logentry", "pk": 151, "fields": {"action_time": "2016-10-05T00:55:57.029Z", "user": 1, "content_type": null, "object_id": "39", "object_repr": "V8 Vantage", "action_flag": 1, "change_message": "[{\"added\": {}}]"}}, {"model": "admin.logentry", "pk": 152, "fields": {"action_time": "2016-10-05T00:56:10.388Z", "user": 1, "content_type": null, "object_id": "40", "object_repr": "Vanquish", "action_flag": 1, "change_message": "[{\"added\": {}}]"}}, {"model": "admin.logentry", "pk": 153, "fields": {"action_time": "2016-10-05T00:59:37.456Z", "user": 1, "content_type": null, "object_id": "41", "object_repr": "100", "action_flag": 1, "change_message": "[{\"added\": {}}]"}}, {"model": "admin.logentry", "pk": 154, "fields": {"action_time": "2016-10-05T00:59:44.415Z", "user": 1, "content_type": null, "object_id": "42", "object_repr": "200", "action_flag": 1, "change_message": "[{\"added\": {}}]"}}, {"model": "admin.logentry", "pk": 155, "fields": {"action_time": "2016-10-05T00:59:50.259Z", "user": 1, "content_type": null, "object_id": "43", "object_repr": "50", "action_flag": 1, "change_message": "[{\"added\": {}}]"}}, {"model": "admin.logentry", "pk": 156, "fields": {"action_time": "2016-10-05T00:59:57.945Z", "user": 1, "content_type": null, "object_id": "44", "object_repr": "80/90", "action_flag": 1, "change_message": "[{\"added\": {}}]"}}, {"model": "admin.logentry", "pk": 157, "fields": {"action_time": "2016-10-05T01:00:06.100Z", "user": 1, "content_type": null, "object_id": "45", "object_repr": "A1", "action_flag": 1, "change_message": "[{\"added\": {}}]"}}, {"model": "admin.logentry", "pk": 158, "fields": {"action_time": "2016-10-05T01:00:22.877Z", "user": 1, "content_type": null, "object_id": "46", "object_repr": "A2", "action_flag": 1, "change_message": "[{\"added\": {}}]"}}, {"model": "admin.logentry", "pk": 159, "fields": {"action_time": "2016-10-05T01:00:28.872Z", "user": 1, "content_type": null, "object_id": "47", "object_repr": "A3", "action_flag": 1, "change_message": "[{\"added\": {}}]"}}, {"model": "admin.logentry", "pk": 160, "fields": {"action_time": "2016-10-05T01:00:33.722Z", "user": 1, "content_type": null, "object_id": "48", "object_repr": "A4", "action_flag": 1, "change_message": "[{\"added\": {}}]"}}, {"model": "admin.logentry", "pk": 161, "fields": {"action_time": "2016-10-05T01:07:05.811Z", "user": 1, "content_type": null, "object_id": "49", "object_repr": "Alero", "action_flag": 1, "change_message": "[{\"added\": {}}]"}}, {"model": "admin.logentry", "pk": 162, "fields": {"action_time": "2016-10-05T01:07:15.593Z", "user": 1, "content_type": null, "object_id": "50", "object_repr": "Astro Van", "action_flag": 1, "change_message": "[{\"added\": {}}]"}}, {"model": "admin.logentry", "pk": 163, "fields": {"action_time": "2016-10-05T01:07:28.307Z", "user": 1, "content_type": null, "object_id": "51", "object_repr": "Aveo", "action_flag": 1, "change_message": "[{\"added\": {}}]"}}, {"model": "admin.logentry", "pk": 164, "fields": {"action_time": "2016-10-05T01:07:36.955Z", "user": 1, "content_type": null, "object_id": "52", "object_repr": "Blazer", "action_flag": 1, "change_message": "[{\"added\": {}}]"}}, {"model": "admin.logentry", "pk": 165, "fields": {"action_time": "2016-10-05T01:07:48.272Z", "user": 1, "content_type": null, "object_id": "53", "object_repr": "Camaro", "action_flag": 1, "change_message": "[{\"added\": {}}]"}}, {"model": "admin.logentry", "pk": 166, "fields": {"action_time": "2016-10-05T01:13:17.670Z", "user": 1, "content_type": 30, "object_id": "12", "object_repr": "", "action_flag": 3, "change_message": ""}}, {"model": "admin.logentry", "pk": 167, "fields": {"action_time": "2016-10-05T08:52:56.799Z", "user": 1, "content_type": 13, "object_id": "1", "object_repr": "TRANSPORT UNIT-Camion", "action_flag": 1, "change_message": "[{\"added\": {}}]"}}, {"model": "admin.logentry", "pk": 168, "fields": {"action_time": "2016-10-05T08:53:31.119Z", "user": 1, "content_type": 13, "object_id": "2", "object_repr": "TRANSPORT UNIT-SemiRemolques", "action_flag": 1, "change_message": "[{\"added\": {}}]"}}, {"model": "admin.logentry", "pk": 169, "fields": {"action_time": "2016-10-05T08:53:55.651Z", "user": 1, "content_type": 13, "object_id": "3", "object_repr": "TRANSPORT UNIT-Autos", "action_flag": 1, "change_message": "[{\"added\": {}}]"}}, {"model": "admin.logentry", "pk": 170, "fields": {"action_time": "2016-10-05T08:59:00.909Z", "user": 1, "content_type": 13, "object_id": "4", "object_repr": "TRANSPORT UNIT-Saider", "action_flag": 1, "change_message": "[{\"added\": {}}]"}}, {"model": "admin.logentry", "pk": 171, "fields": {"action_time": "2016-10-05T08:59:31.062Z", "user": 1, "content_type": 13, "object_id": "5", "object_repr": "TRANSPORT UNIT-Chasis_Acoplados", "action_flag": 1, "change_message": "[{\"added\": {}}]"}}, {"model": "admin.logentry", "pk": 172, "fields": {"action_time": "2016-10-05T08:59:47.295Z", "user": 1, "content_type": 13, "object_id": "6", "object_repr": "TRANSPORT UNIT-Tanques", "action_flag": 1, "change_message": "[{\"added\": {}}]"}}, {"model": "admin.logentry", "pk": 173, "fields": {"action_time": "2016-10-05T09:02:56.521Z", "user": 1, "content_type": 13, "object_id": "7", "object_repr": "TRANSPORT UNIT-Camioneta", "action_flag": 1, "change_message": "[{\"added\": {}}]"}}, {"model": "admin.logentry", "pk": 174, "fields": {"action_time": "2016-10-05T09:03:56.231Z", "user": 1, "content_type": 13, "object_id": "8", "object_repr": "PURCHASE LIQUID UNIT-Unidades", "action_flag": 1, "change_message": "[{\"added\": {}}]"}}, {"model": "admin.logentry", "pk": 175, "fields": {"action_time": "2016-10-05T09:04:04.952Z", "user": 1, "content_type": 13, "object_id": "9", "object_repr": "PURCHASE LIQUID UNIT-Litros", "action_flag": 1, "change_message": "[{\"added\": {}}]"}}, {"model": "admin.logentry", "pk": 176, "fields": {"action_time": "2016-10-05T09:04:14.052Z", "user": 1, "content_type": 13, "object_id": "10", "object_repr": "PURCHASE LIQUID UNIT-Metros", "action_flag": 1, "change_message": "[{\"added\": {}}]"}}, {"model": "admin.logentry", "pk": 177, "fields": {"action_time": "2016-10-05T09:04:23.594Z", "user": 1, "content_type": 13, "object_id": "11", "object_repr": "PURCHASE LIQUID UNIT-Kilogramos", "action_flag": 1, "change_message": "[{\"added\": {}}]"}}, {"model": "admin.logentry", "pk": 178, "fields": {"action_time": "2016-10-05T09:04:52.569Z", "user": 1, "content_type": 13, "object_id": "10", "object_repr": "PURCHASE LIQUID UNIT-Metros cubicos", "action_flag": 2, "change_message": "[{\"changed\": {\"fields\": [\"name\", \"symbol\"]}}]"}}, {"model": "admin.logentry", "pk": 179, "fields": {"action_time": "2016-10-05T09:05:03.227Z", "user": 1, "content_type": 13, "object_id": "12", "object_repr": "PURCHASE SOLID UNIT-Unidades", "action_flag": 1, "change_message": "[{\"added\": {}}]"}}, {"model": "admin.logentry", "pk": 180, "fields": {"action_time": "2016-10-05T09:05:13.051Z", "user": 1, "content_type": 13, "object_id": "13", "object_repr": "PURCHASE SOLID UNIT-Metros", "action_flag": 1, "change_message": "[{\"added\": {}}]"}}, {"model": "admin.logentry", "pk": 181, "fields": {"action_time": "2016-10-05T09:05:25.989Z", "user": 1, "content_type": 13, "object_id": "14", "object_repr": "PURCHASE SOLID UNIT-Metros cuadrados", "action_flag": 1, "change_message": "[{\"added\": {}}]"}}, {"model": "admin.logentry", "pk": 182, "fields": {"action_time": "2016-10-05T09:05:50.227Z", "user": 1, "content_type": 13, "object_id": "15", "object_repr": "PURCHASE SOLID UNIT-Kilogramos", "action_flag": 1, "change_message": "[{\"added\": {}}]"}}, {"model": "admin.logentry", "pk": 183, "fields": {"action_time": "2016-10-05T09:07:21.693Z", "user": 1, "content_type": 13, "object_id": "8", "object_repr": "PURCHASE LIQUID UNIT-Unidades", "action_flag": 2, "change_message": "[{\"changed\": {\"fields\": [\"symbol\"]}}]"}}, {"model": "admin.logentry", "pk": 184, "fields": {"action_time": "2016-10-05T09:07:28.247Z", "user": 1, "content_type": 13, "object_id": "12", "object_repr": "PURCHASE SOLID UNIT-Unidades", "action_flag": 2, "change_message": "[{\"changed\": {\"fields\": [\"symbol\"]}}]"}}, {"model": "admin.logentry", "pk": 185, "fields": {"action_time": "2016-10-05T09:07:37.041Z", "user": 1, "content_type": 13, "object_id": "13", "object_repr": "PURCHASE SOLID UNIT-Metros", "action_flag": 2, "change_message": "[{\"changed\": {\"fields\": [\"symbol\"]}}]"}}, {"model": "admin.logentry", "pk": 186, "fields": {"action_time": "2016-10-05T09:07:51.352Z", "user": 1, "content_type": 13, "object_id": "12", "object_repr": "PURCHASE SOLID UNIT-Unidades", "action_flag": 2, "change_message": "[{\"changed\": {\"fields\": [\"symbol\"]}}]"}}, {"model": "admin.logentry", "pk": 187, "fields": {"action_time": "2016-10-05T09:07:57.527Z", "user": 1, "content_type": 13, "object_id": "8", "object_repr": "PURCHASE LIQUID UNIT-Unidades", "action_flag": 2, "change_message": "[{\"changed\": {\"fields\": [\"symbol\"]}}]"}}, {"model": "admin.logentry", "pk": 188, "fields": {"action_time": "2016-10-05T09:08:20.998Z", "user": 1, "content_type": 13, "object_id": "9", "object_repr": "PURCHASE LIQUID UNIT-Litros", "action_flag": 2, "change_message": "[{\"changed\": {\"fields\": [\"symbol\"]}}]"}}, {"model": "admin.logentry", "pk": 189, "fields": {"action_time": "2016-10-05T09:08:26.693Z", "user": 1, "content_type": 13, "object_id": "8", "object_repr": "PURCHASE LIQUID UNIT-Unidades", "action_flag": 2, "change_message": "[{\"changed\": {\"fields\": [\"symbol\"]}}]"}}, {"model": "admin.logentry", "pk": 190, "fields": {"action_time": "2016-10-05T09:08:39.398Z", "user": 1, "content_type": 13, "object_id": "10", "object_repr": "PURCHASE LIQUID UNIT-Metros cubicos", "action_flag": 2, "change_message": "[{\"changed\": {\"fields\": [\"symbol\"]}}]"}}, {"model": "admin.logentry", "pk": 191, "fields": {"action_time": "2016-10-05T09:08:45.399Z", "user": 1, "content_type": 13, "object_id": "11", "object_repr": "PURCHASE LIQUID UNIT-Kilogramos", "action_flag": 2, "change_message": "[{\"changed\": {\"fields\": [\"symbol\"]}}]"}}, {"model": "admin.logentry", "pk": 192, "fields": {"action_time": "2016-10-05T09:08:50.577Z", "user": 1, "content_type": 13, "object_id": "12", "object_repr": "PURCHASE SOLID UNIT-Unidades", "action_flag": 2, "change_message": "[{\"changed\": {\"fields\": [\"symbol\"]}}]"}}, {"model": "admin.logentry", "pk": 193, "fields": {"action_time": "2016-10-05T09:09:00.231Z", "user": 1, "content_type": 13, "object_id": "13", "object_repr": "PURCHASE SOLID UNIT-Metros", "action_flag": 2, "change_message": "[]"}}, {"model": "admin.logentry", "pk": 194, "fields": {"action_time": "2016-10-05T09:09:16.752Z", "user": 1, "content_type": 13, "object_id": "14", "object_repr": "PURCHASE SOLID UNIT-Metros cuadrados", "action_flag": 2, "change_message": "[{\"changed\": {\"fields\": [\"symbol\"]}}]"}}, {"model": "admin.logentry", "pk": 195, "fields": {"action_time": "2016-10-05T09:09:25.289Z", "user": 1, "content_type": 13, "object_id": "10", "object_repr": "PURCHASE LIQUID UNIT-Metros cubicos", "action_flag": 2, "change_message": "[{\"changed\": {\"fields\": [\"symbol\"]}}]"}}, {"model": "admin.logentry", "pk": 196, "fields": {"action_time": "2016-10-05T09:09:29.045Z", "user": 1, "content_type": 13, "object_id": "11", "object_repr": "PURCHASE LIQUID UNIT-Kilogramos", "action_flag": 2, "change_message": "[]"}}, {"model": "admin.logentry", "pk": 197, "fields": {"action_time": "2016-10-05T09:09:32.712Z", "user": 1, "content_type": 13, "object_id": "13", "object_repr": "PURCHASE SOLID UNIT-Metros", "action_flag": 2, "change_message": "[]"}}, {"model": "admin.logentry", "pk": 198, "fields": {"action_time": "2016-10-05T09:09:35.050Z", "user": 1, "content_type": 13, "object_id": "14", "object_repr": "PURCHASE SOLID UNIT-Metros cuadrados", "action_flag": 2, "change_message": "[]"}}, {"model": "admin.logentry", "pk": 199, "fields": {"action_time": "2016-10-05T09:09:37.523Z", "user": 1, "content_type": 13, "object_id": "15", "object_repr": "PURCHASE SOLID UNIT-Kilogramos", "action_flag": 2, "change_message": "[]"}}, {"model": "admin.logentry", "pk": 200, "fields": {"action_time": "2016-10-05T09:09:43.235Z", "user": 1, "content_type": 13, "object_id": "8", "object_repr": "PURCHASE LIQUID UNIT-Unidades", "action_flag": 2, "change_message": "[{\"changed\": {\"fields\": [\"symbol\"]}}]"}}, {"model": "admin.logentry", "pk": 201, "fields": {"action_time": "2016-10-05T09:09:46.526Z", "user": 1, "content_type": 13, "object_id": "9", "object_repr": "PURCHASE LIQUID UNIT-Litros", "action_flag": 2, "change_message": "[]"}}, {"model": "admin.logentry", "pk": 202, "fields": {"action_time": "2016-10-05T09:09:50.162Z", "user": 1, "content_type": 13, "object_id": "10", "object_repr": "PURCHASE LIQUID UNIT-Metros cubicos", "action_flag": 2, "change_message": "[]"}}, {"model": "admin.logentry", "pk": 203, "fields": {"action_time": "2016-10-05T09:09:52.746Z", "user": 1, "content_type": 13, "object_id": "11", "object_repr": "PURCHASE LIQUID UNIT-Kilogramos", "action_flag": 2, "change_message": "[]"}}, {"model": "admin.logentry", "pk": 204, "fields": {"action_time": "2016-10-05T09:11:35.402Z", "user": 1, "content_type": 13, "object_id": "16", "object_repr": "STORAGE UNIT-Cajas", "action_flag": 1, "change_message": "[{\"added\": {}}]"}}, {"model": "admin.logentry", "pk": 205, "fields": {"action_time": "2016-10-05T09:11:43.191Z", "user": 1, "content_type": 13, "object_id": "17", "object_repr": "STORAGE UNIT-Palets", "action_flag": 1, "change_message": "[{\"added\": {}}]"}}, {"model": "admin.logentry", "pk": 206, "fields": {"action_time": "2016-10-05T09:11:53.009Z", "user": 1, "content_type": 13, "object_id": "18", "object_repr": "STORAGE UNIT-Contenedor", "action_flag": 1, "change_message": "[{\"added\": {}}]"}}, {"model": "admin.logentry", "pk": 207, "fields": {"action_time": "2016-10-05T09:12:01.304Z", "user": 1, "content_type": 13, "object_id": "19", "object_repr": "STORAGE UNIT-Bidones", "action_flag": 1, "change_message": "[{\"added\": {}}]"}}, {"model": "admin.logentry", "pk": 208, "fields": {"action_time": "2016-10-05T09:23:21.146Z", "user": 1, "content_type": null, "object_id": "1", "object_repr": "E", "action_flag": 1, "change_message": "[{\"added\": {}}]"}}, {"model": "admin.logentry", "pk": 209, "fields": {"action_time": "2016-10-05T09:23:29.730Z", "user": 1, "content_type": null, "object_id": "2", "object_repr": "1/8", "action_flag": 1, "change_message": "[{\"added\": {}}]"}}, {"model": "admin.logentry", "pk": 210, "fields": {"action_time": "2016-10-05T09:23:33.677Z", "user": 1, "content_type": null, "object_id": "3", "object_repr": "1/4", "action_flag": 1, "change_message": "[{\"added\": {}}]"}}, {"model": "admin.logentry", "pk": 211, "fields": {"action_time": "2016-10-05T09:23:39.408Z", "user": 1, "content_type": null, "object_id": "4", "object_repr": "3/8", "action_flag": 1, "change_message": "[{\"added\": {}}]"}}, {"model": "admin.logentry", "pk": 212, "fields": {"action_time": "2016-10-05T09:23:44.260Z", "user": 1, "content_type": null, "object_id": "5", "object_repr": "1/2", "action_flag": 1, "change_message": "[{\"added\": {}}]"}}, {"model": "admin.logentry", "pk": 213, "fields": {"action_time": "2016-10-05T09:23:48.620Z", "user": 1, "content_type": null, "object_id": "6", "object_repr": "5/8", "action_flag": 1, "change_message": "[{\"added\": {}}]"}}, {"model": "admin.logentry", "pk": 214, "fields": {"action_time": "2016-10-05T09:23:53.398Z", "user": 1, "content_type": null, "object_id": "7", "object_repr": "3/4", "action_flag": 1, "change_message": "[{\"added\": {}}]"}}, {"model": "admin.logentry", "pk": 215, "fields": {"action_time": "2016-10-05T09:23:59.809Z", "user": 1, "content_type": null, "object_id": "8", "object_repr": "2/8", "action_flag": 1, "change_message": "[{\"added\": {}}]"}}, {"model": "admin.logentry", "pk": 216, "fields": {"action_time": "2016-10-05T09:24:09.042Z", "user": 1, "content_type": null, "object_id": "9", "object_repr": "F", "action_flag": 1, "change_message": "[{\"added\": {}}]"}}, {"model": "admin.logentry", "pk": 217, "fields": {"action_time": "2016-10-05T09:59:12.511Z", "user": 1, "content_type": null, "object_id": "9", "object_repr": "F", "action_flag": 2, "change_message": "[{\"changed\": {\"fields\": [\"unit_transport\"]}}]"}}, {"model": "admin.logentry", "pk": 218, "fields": {"action_time": "2016-10-05T09:59:18.248Z", "user": 1, "content_type": null, "object_id": "8", "object_repr": "2/8", "action_flag": 2, "change_message": "[{\"changed\": {\"fields\": [\"unit_transport\"]}}]"}}, {"model": "admin.logentry", "pk": 219, "fields": {"action_time": "2016-10-05T09:59:22.955Z", "user": 1, "content_type": null, "object_id": "7", "object_repr": "3/4", "action_flag": 2, "change_message": "[{\"changed\": {\"fields\": [\"unit_transport\"]}}]"}}, {"model": "admin.logentry", "pk": 220, "fields": {"action_time": "2016-10-05T09:59:26.397Z", "user": 1, "content_type": null, "object_id": "7", "object_repr": "3/4", "action_flag": 2, "change_message": "[]"}}, {"model": "admin.logentry", "pk": 221, "fields": {"action_time": "2016-10-05T09:59:30.075Z", "user": 1, "content_type": null, "object_id": "6", "object_repr": "5/8", "action_flag": 2, "change_message": "[{\"changed\": {\"fields\": [\"unit_transport\"]}}]"}}, {"model": "admin.logentry", "pk": 222, "fields": {"action_time": "2016-10-05T09:59:32.875Z", "user": 1, "content_type": null, "object_id": "8", "object_repr": "2/8", "action_flag": 2, "change_message": "[]"}}, {"model": "admin.logentry", "pk": 223, "fields": {"action_time": "2016-10-05T09:59:36.524Z", "user": 1, "content_type": null, "object_id": "5", "object_repr": "1/2", "action_flag": 2, "change_message": "[{\"changed\": {\"fields\": [\"unit_transport\"]}}]"}}, {"model": "admin.logentry", "pk": 224, "fields": {"action_time": "2016-10-05T09:59:39.049Z", "user": 1, "content_type": null, "object_id": "5", "object_repr": "1/2", "action_flag": 2, "change_message": "[]"}}, {"model": "admin.logentry", "pk": 225, "fields": {"action_time": "2016-10-05T09:59:42.396Z", "user": 1, "content_type": null, "object_id": "4", "object_repr": "3/8", "action_flag": 2, "change_message": "[{\"changed\": {\"fields\": [\"unit_transport\"]}}]"}}, {"model": "admin.logentry", "pk": 226, "fields": {"action_time": "2016-10-05T09:59:45.776Z", "user": 1, "content_type": null, "object_id": "3", "object_repr": "1/4", "action_flag": 2, "change_message": "[{\"changed\": {\"fields\": [\"unit_transport\"]}}]"}}, {"model": "admin.logentry", "pk": 227, "fields": {"action_time": "2016-10-05T09:59:49.035Z", "user": 1, "content_type": null, "object_id": "2", "object_repr": "1/8", "action_flag": 2, "change_message": "[{\"changed\": {\"fields\": [\"unit_transport\"]}}]"}}, {"model": "admin.logentry", "pk": 228, "fields": {"action_time": "2016-10-05T09:59:52.938Z", "user": 1, "content_type": null, "object_id": "1", "object_repr": "E", "action_flag": 2, "change_message": "[{\"changed\": {\"fields\": [\"unit_transport\"]}}]"}}, {"model": "admin.logentry", "pk": 229, "fields": {"action_time": "2016-10-05T10:38:50.417Z", "user": 1, "content_type": 34, "object_id": "1", "object_repr": "Tarjeta de Propiedad", "action_flag": 1, "change_message": "[{\"added\": {}}]"}}, {"model": "admin.logentry", "pk": 230, "fields": {"action_time": "2016-10-05T10:38:55.271Z", "user": 1, "content_type": 34, "object_id": "2", "object_repr": "Tarjeta P\u00f3liza Soat", "action_flag": 1, "change_message": "[{\"added\": {}}]"}}, {"model": "admin.logentry", "pk": 231, "fields": {"action_time": "2016-10-05T10:38:59.603Z", "user": 1, "content_type": 34, "object_id": "3", "object_repr": "Claxon Oper\u00e1tico", "action_flag": 1, "change_message": "[{\"added\": {}}]"}}, {"model": "admin.logentry", "pk": 232, "fields": {"action_time": "2016-10-05T10:39:03.639Z", "user": 1, "content_type": 34, "object_id": "4", "object_repr": "Encendedor", "action_flag": 1, "change_message": "[{\"added\": {}}]"}}, {"model": "admin.logentry", "pk": 233, "fields": {"action_time": "2016-10-05T10:39:07.791Z", "user": 1, "content_type": 34, "object_id": "5", "object_repr": "Limpia Parabrisa", "action_flag": 1, "change_message": "[{\"added\": {}}]"}}, {"model": "admin.logentry", "pk": 234, "fields": {"action_time": "2016-10-05T10:39:11.800Z", "user": 1, "content_type": 34, "object_id": "6", "object_repr": "Antena de Radio", "action_flag": 1, "change_message": "[{\"added\": {}}]"}}, {"model": "admin.logentry", "pk": 235, "fields": {"action_time": "2016-10-05T10:39:15.717Z", "user": 1, "content_type": 34, "object_id": "7", "object_repr": "Espejo Interior", "action_flag": 1, "change_message": "[{\"added\": {}}]"}}, {"model": "admin.logentry", "pk": 236, "fields": {"action_time": "2016-10-05T10:39:19.819Z", "user": 1, "content_type": 34, "object_id": "8", "object_repr": "Espejos Exteriores", "action_flag": 1, "change_message": "[{\"added\": {}}]"}}, {"model": "admin.logentry", "pk": 237, "fields": {"action_time": "2016-10-05T10:39:24.137Z", "user": 1, "content_type": 34, "object_id": "9", "object_repr": "adio Cassette", "action_flag": 1, "change_message": "[{\"added\": {}}]"}}, {"model": "admin.logentry", "pk": 238, "fields": {"action_time": "2016-10-05T10:39:28.732Z", "user": 1, "content_type": 34, "object_id": "10", "object_repr": "Tapa de Combustible", "action_flag": 1, "change_message": "[{\"added\": {}}]"}}, {"model": "admin.logentry", "pk": 239, "fields": {"action_time": "2016-10-05T10:39:32.749Z", "user": 1, "content_type": 34, "object_id": "11", "object_repr": "Sobre Pisos", "action_flag": 1, "change_message": "[{\"added\": {}}]"}}, {"model": "admin.logentry", "pk": 240, "fields": {"action_time": "2016-10-05T10:39:38.096Z", "user": 1, "content_type": 34, "object_id": "12", "object_repr": "Antivuelco interiorCirculina", "action_flag": 1, "change_message": "[{\"added\": {}}]"}}, {"model": "admin.logentry", "pk": 241, "fields": {"action_time": "2016-10-05T10:39:42.270Z", "user": 1, "content_type": 34, "object_id": "13", "object_repr": "Pertiga", "action_flag": 1, "change_message": "[{\"added\": {}}]"}}, {"model": "admin.logentry", "pk": 242, "fields": {"action_time": "2016-10-05T10:39:46.324Z", "user": 1, "content_type": 34, "object_id": "14", "object_repr": "Gata", "action_flag": 1, "change_message": "[{\"added\": {}}]"}}, {"model": "admin.logentry", "pk": 243, "fields": {"action_time": "2016-10-05T10:39:50.639Z", "user": 1, "content_type": 34, "object_id": "15", "object_repr": "Palanca", "action_flag": 1, "change_message": "[{\"added\": {}}]"}}, {"model": "admin.logentry", "pk": 244, "fields": {"action_time": "2016-10-05T10:39:55.439Z", "user": 1, "content_type": 34, "object_id": "16", "object_repr": "Llanta de Repuesto", "action_flag": 1, "change_message": "[{\"added\": {}}]"}}, {"model": "admin.logentry", "pk": 245, "fields": {"action_time": "2016-10-05T10:39:59.830Z", "user": 1, "content_type": 34, "object_id": "17", "object_repr": "Extintor", "action_flag": 1, "change_message": "[{\"added\": {}}]"}}, {"model": "admin.logentry", "pk": 246, "fields": {"action_time": "2016-10-05T10:40:04.069Z", "user": 1, "content_type": 34, "object_id": "18", "object_repr": "Escarpines", "action_flag": 1, "change_message": "[{\"added\": {}}]"}}, {"model": "admin.logentry", "pk": 247, "fields": {"action_time": "2016-10-05T10:40:09.678Z", "user": 1, "content_type": 34, "object_id": "19", "object_repr": "Faros Neblineros", "action_flag": 1, "change_message": "[{\"added\": {}}]"}}, {"model": "admin.logentry", "pk": 248, "fields": {"action_time": "2016-10-05T10:40:13.815Z", "user": 1, "content_type": 34, "object_id": "20", "object_repr": "Faros retroceso", "action_flag": 1, "change_message": "[{\"added\": {}}]"}}, {"model": "admin.logentry", "pk": 249, "fields": {"action_time": "2016-10-05T10:40:17.838Z", "user": 1, "content_type": 34, "object_id": "21", "object_repr": "ono (2)", "action_flag": 1, "change_message": "[{\"added\": {}}]"}}, {"model": "admin.logentry", "pk": 250, "fields": {"action_time": "2016-10-05T10:40:23.904Z", "user": 1, "content_type": 34, "object_id": "22", "object_repr": "Vasos. Copas", "action_flag": 1, "change_message": "[{\"added\": {}}]"}}, {"model": "admin.logentry", "pk": 251, "fields": {"action_time": "2016-10-05T10:40:40.154Z", "user": 1, "content_type": 34, "object_id": "23", "object_repr": "Llave de rueda", "action_flag": 1, "change_message": "[{\"added\": {}}]"}}, {"model": "admin.logentry", "pk": 252, "fields": {"action_time": "2016-10-05T10:40:49.118Z", "user": 1, "content_type": 34, "object_id": "24", "object_repr": "Cable de Bateria", "action_flag": 1, "change_message": "[{\"added\": {}}]"}}, {"model": "admin.logentry", "pk": 253, "fields": {"action_time": "2016-10-05T10:40:53.748Z", "user": 1, "content_type": 34, "object_id": "25", "object_repr": "enicero", "action_flag": 1, "change_message": "[{\"added\": {}}]"}}, {"model": "admin.logentry", "pk": 254, "fields": {"action_time": "2016-10-05T10:40:59.224Z", "user": 1, "content_type": 34, "object_id": "26", "object_repr": "Aire Acondicionado", "action_flag": 1, "change_message": "[{\"added\": {}}]"}}, {"model": "admin.logentry", "pk": 255, "fields": {"action_time": "2016-10-05T10:41:03.880Z", "user": 1, "content_type": 34, "object_id": "27", "object_repr": "Triangulo de Seguridad", "action_flag": 1, "change_message": "[{\"added\": {}}]"}}, {"model": "admin.logentry", "pk": 256, "fields": {"action_time": "2016-10-05T10:41:08.412Z", "user": 1, "content_type": 34, "object_id": "28", "object_repr": "Parabrisas", "action_flag": 1, "change_message": "[{\"added\": {}}]"}}, {"model": "admin.logentry", "pk": 257, "fields": {"action_time": "2016-10-05T10:41:15.485Z", "user": 1, "content_type": 34, "object_id": "29", "object_repr": "Parachoque posterior", "action_flag": 1, "change_message": "[{\"added\": {}}]"}}, {"model": "admin.logentry", "pk": 258, "fields": {"action_time": "2016-10-05T10:41:19.904Z", "user": 1, "content_type": 34, "object_id": "30", "object_repr": "Parlantes", "action_flag": 1, "change_message": "[{\"added\": {}}]"}}, {"model": "admin.logentry", "pk": 259, "fields": {"action_time": "2016-10-05T10:41:25.969Z", "user": 1, "content_type": 34, "object_id": "31", "object_repr": "Emblema, Logo", "action_flag": 1, "change_message": "[{\"added\": {}}]"}}, {"model": "admin.logentry", "pk": 260, "fields": {"action_time": "2016-10-05T10:41:30.368Z", "user": 1, "content_type": 34, "object_id": "32", "object_repr": "Botiquin", "action_flag": 1, "change_message": "[{\"added\": {}}]"}}, {"model": "admin.logentry", "pk": 261, "fields": {"action_time": "2016-10-05T10:41:34.597Z", "user": 1, "content_type": 34, "object_id": "33", "object_repr": "Mica Luz de Salon", "action_flag": 1, "change_message": "[{\"added\": {}}]"}}, {"model": "admin.logentry", "pk": 262, "fields": {"action_time": "2016-10-05T10:41:38.601Z", "user": 1, "content_type": 34, "object_id": "34", "object_repr": "Ojo de Gato", "action_flag": 1, "change_message": "[{\"added\": {}}]"}}, {"model": "admin.logentry", "pk": 263, "fields": {"action_time": "2016-10-05T10:41:42.862Z", "user": 1, "content_type": 34, "object_id": "35", "object_repr": "Cinturon de Seguridad", "action_flag": 1, "change_message": "[{\"added\": {}}]"}}, {"model": "admin.logentry", "pk": 264, "fields": {"action_time": "2016-10-05T10:41:47.339Z", "user": 1, "content_type": 34, "object_id": "36", "object_repr": "Cable de Remolque", "action_flag": 1, "change_message": "[{\"added\": {}}]"}}, {"model": "admin.logentry", "pk": 265, "fields": {"action_time": "2016-10-05T10:41:52.082Z", "user": 1, "content_type": 34, "object_id": "37", "object_repr": "Seguro de Rueda", "action_flag": 1, "change_message": "[{\"added\": {}}]"}}, {"model": "admin.logentry", "pk": 266, "fields": {"action_time": "2016-10-05T10:41:56.859Z", "user": 1, "content_type": 34, "object_id": "38", "object_repr": "Mascara Racio CD", "action_flag": 1, "change_message": "[{\"added\": {}}]"}}, {"model": "admin.logentry", "pk": 267, "fields": {"action_time": "2016-10-05T10:42:15.859Z", "user": 1, "content_type": 34, "object_id": "39", "object_repr": "manija Interior", "action_flag": 1, "change_message": "[{\"added\": {}}]"}}, {"model": "admin.logentry", "pk": 268, "fields": {"action_time": "2016-10-05T10:42:48.247Z", "user": 1, "content_type": 34, "object_id": "25", "object_repr": "Cenicero", "action_flag": 2, "change_message": "[{\"changed\": {\"fields\": [\"name\"]}}]"}}, {"model": "admin.logentry", "pk": 269, "fields": {"action_time": "2016-10-05T10:43:18.690Z", "user": 1, "content_type": 34, "object_id": "9", "object_repr": "Radio Cassette", "action_flag": 2, "change_message": "[{\"changed\": {\"fields\": [\"name\"]}}]"}}, {"model": "admin.logentry", "pk": 270, "fields": {"action_time": "2016-10-05T10:43:27.218Z", "user": 1, "content_type": 34, "object_id": "21", "object_repr": "Cono (2)", "action_flag": 2, "change_message": "[{\"changed\": {\"fields\": [\"name\"]}}]"}}, {"model": "admin.logentry", "pk": 271, "fields": {"action_time": "2016-10-05T10:46:00.762Z", "user": 1, "content_type": 34, "object_id": "38", "object_repr": "Mascara Radio CD", "action_flag": 2, "change_message": "[{\"changed\": {\"fields\": [\"name\"]}}]"}}, {"model": "admin.logentry", "pk": 272, "fields": {"action_time": "2016-10-05T10:46:05.967Z", "user": 1, "content_type": 34, "object_id": "39", "object_repr": "Manija Interior", "action_flag": 2, "change_message": "[{\"changed\": {\"fields\": [\"name\"]}}]"}}, {"model": "admin.logentry", "pk": 273, "fields": {"action_time": "2016-10-05T10:46:11.549Z", "user": 1, "content_type": 34, "object_id": "31", "object_repr": "Emblema, Logo", "action_flag": 2, "change_message": "[]"}}, {"model": "admin.logentry", "pk": 274, "fields": {"action_time": "2016-10-05T10:46:18.406Z", "user": 1, "content_type": 34, "object_id": "22", "object_repr": "Vasos, Copas", "action_flag": 2, "change_message": "[{\"changed\": {\"fields\": [\"name\"]}}]"}}, {"model": "admin.logentry", "pk": 275, "fields": {"action_time": "2016-10-05T13:01:30.247Z", "user": 1, "content_type": 18, "object_id": "1", "object_repr": "American Rent a Car S.A.", "action_flag": 1, "change_message": "[{\"added\": {}}]"}}, {"model": "admin.logentry", "pk": 276, "fields": {"action_time": "2016-10-05T13:20:17.913Z", "user": 1, "content_type": 37, "object_id": "1", "object_repr": "Almacen Lima", "action_flag": 1, "change_message": "[{\"added\": {}}]"}}, {"model": "admin.logentry", "pk": 277, "fields": {"action_time": "2016-10-05T13:20:49.637Z", "user": 1, "content_type": 20, "object_id": "1", "object_repr": "Sucursal 1", "action_flag": 1, "change_message": "[{\"added\": {}}]"}}, {"model": "admin.logentry", "pk": 278, "fields": {"action_time": "2016-10-05T13:22:18.417Z", "user": 1, "content_type": 36, "object_id": "1", "object_repr": "Boleta", "action_flag": 1, "change_message": "[{\"added\": {}}]"}}, {"model": "admin.logentry", "pk": 279, "fields": {"action_time": "2016-10-05T13:22:24.460Z", "user": 1, "content_type": 36, "object_id": "2", "object_repr": "Factura", "action_flag": 1, "change_message": "[{\"added\": {}}]"}}, {"model": "admin.logentry", "pk": 280, "fields": {"action_time": "2016-10-05T13:22:33.951Z", "user": 1, "content_type": 36, "object_id": "3", "object_repr": "Nota Credito", "action_flag": 1, "change_message": "[{\"added\": {}}]"}}, {"model": "admin.logentry", "pk": 281, "fields": {"action_time": "2016-10-05T13:22:45.239Z", "user": 1, "content_type": 36, "object_id": "4", "object_repr": "Nota Debito", "action_flag": 1, "change_message": "[{\"added\": {}}]"}}, {"model": "admin.logentry", "pk": 282, "fields": {"action_time": "2016-10-05T13:26:09.254Z", "user": 1, "content_type": 19, "object_id": "1", "object_repr": "Fa-00-0", "action_flag": 1, "change_message": "[{\"added\": {}}]"}}, {"model": "admin.logentry", "pk": 283, "fields": {"action_time": "2016-10-05T13:46:17.807Z", "user": 1, "content_type": 38, "object_id": "1", "object_repr": "American Proveedor 1", "action_flag": 1, "change_message": "[{\"added\": {}}]"}}, {"model": "admin.logentry", "pk": 284, "fields": {"action_time": "2016-10-05T13:46:43.043Z", "user": 1, "content_type": 38, "object_id": "2", "object_repr": "American Proveedor 2", "action_flag": 1, "change_message": "[{\"added\": {}}]"}}, {"model": "admin.logentry", "pk": 285, "fields": {"action_time": "2016-10-05T13:46:50.890Z", "user": 1, "content_type": 38, "object_id": "2", "object_repr": "American Proveedor 2", "action_flag": 2, "change_message": "[]"}}, {"model": "admin.logentry", "pk": 286, "fields": {"action_time": "2016-10-06T01:36:51.286Z", "user": 1, "content_type": 44, "object_id": "1", "object_repr": "Categoria 1", "action_flag": 1, "change_message": "[{\"added\": {}}]"}}, {"model": "admin.logentry", "pk": 287, "fields": {"action_time": "2016-10-06T01:36:54.308Z", "user": 1, "content_type": 44, "object_id": "2", "object_repr": "Categoria 2", "action_flag": 1, "change_message": "[{\"added\": {}}]"}}, {"model": "admin.logentry", "pk": 288, "fields": {"action_time": "2016-10-06T01:36:57.092Z", "user": 1, "content_type": 44, "object_id": "3", "object_repr": "Categoria 3", "action_flag": 1, "change_message": "[{\"added\": {}}]"}}, {"model": "admin.logentry", "pk": 289, "fields": {"action_time": "2016-10-06T01:37:00.344Z", "user": 1, "content_type": 44, "object_id": "4", "object_repr": "Categoria 4", "action_flag": 1, "change_message": "[{\"added\": {}}]"}}, {"model": "admin.logentry", "pk": 290, "fields": {"action_time": "2016-10-06T01:37:19.334Z", "user": 1, "content_type": null, "object_id": "1", "object_repr": "sub1", "action_flag": 1, "change_message": "[{\"added\": {}}]"}}, {"model": "admin.logentry", "pk": 291, "fields": {"action_time": "2016-10-06T01:37:24.462Z", "user": 1, "content_type": null, "object_id": "2", "object_repr": "sub2", "action_flag": 1, "change_message": "[{\"added\": {}}]"}}, {"model": "admin.logentry", "pk": 292, "fields": {"action_time": "2016-10-06T01:37:33.460Z", "user": 1, "content_type": null, "object_id": "3", "object_repr": "sub21", "action_flag": 1, "change_message": "[{\"added\": {}}]"}}, {"model": "admin.logentry", "pk": 293, "fields": {"action_time": "2016-10-06T01:37:37.529Z", "user": 1, "content_type": null, "object_id": "4", "object_repr": "sub22", "action_flag": 1, "change_message": "[{\"added\": {}}]"}}, {"model": "admin.logentry", "pk": 294, "fields": {"action_time": "2016-10-06T01:37:42.964Z", "user": 1, "content_type": null, "object_id": "5", "object_repr": "sub31", "action_flag": 1, "change_message": "[{\"added\": {}}]"}}, {"model": "admin.logentry", "pk": 295, "fields": {"action_time": "2016-10-06T01:37:47.680Z", "user": 1, "content_type": null, "object_id": "6", "object_repr": "sub32", "action_flag": 1, "change_message": "[{\"added\": {}}]"}}, {"model": "admin.logentry", "pk": 296, "fields": {"action_time": "2016-10-06T01:37:55.430Z", "user": 1, "content_type": null, "object_id": "7", "object_repr": "sub41", "action_flag": 1, "change_message": "[{\"added\": {}}]"}}, {"model": "admin.logentry", "pk": 297, "fields": {"action_time": "2016-10-06T01:38:01.647Z", "user": 1, "content_type": null, "object_id": "8", "object_repr": "sub42", "action_flag": 1, "change_message": "[{\"added\": {}}]"}}, {"model": "admin.logentry", "pk": 298, "fields": {"action_time": "2016-10-06T01:38:09.575Z", "user": 1, "content_type": null, "object_id": "1", "object_repr": "sub11", "action_flag": 2, "change_message": "[{\"changed\": {\"fields\": [\"name\"]}}]"}}, {"model": "admin.logentry", "pk": 299, "fields": {"action_time": "2016-10-06T01:38:14.468Z", "user": 1, "content_type": null, "object_id": "2", "object_repr": "sub12", "action_flag": 2, "change_message": "[{\"changed\": {\"fields\": [\"name\"]}}]"}}, {"model": "admin.logentry", "pk": 300, "fields": {"action_time": "2016-10-06T01:44:49.541Z", "user": 1, "content_type": 45, "object_id": "1", "object_repr": "marca product1", "action_flag": 1, "change_message": "[{\"added\": {}}]"}}, {"model": "admin.logentry", "pk": 301, "fields": {"action_time": "2016-10-06T01:44:57.991Z", "user": 1, "content_type": 45, "object_id": "2", "object_repr": "marca product2", "action_flag": 1, "change_message": "[{\"added\": {}}]"}}, {"model": "admin.logentry", "pk": 302, "fields": {"action_time": "2016-10-06T01:46:09.096Z", "user": 1, "content_type": 46, "object_id": "1", "object_repr": "model product11", "action_flag": 1, "change_message": "[{\"added\": {}}]"}}, {"model": "admin.logentry", "pk": 303, "fields": {"action_time": "2016-10-06T01:46:15.945Z", "user": 1, "content_type": 46, "object_id": "2", "object_repr": "model product12", "action_flag": 1, "change_message": "[{\"added\": {}}]"}}, {"model": "admin.logentry", "pk": 304, "fields": {"action_time": "2016-10-06T01:46:23.156Z", "user": 1, "content_type": 46, "object_id": "3", "object_repr": "model product21", "action_flag": 1, "change_message": "[{\"added\": {}}]"}}, {"model": "admin.logentry", "pk": 305, "fields": {"action_time": "2016-10-06T01:46:28.105Z", "user": 1, "content_type": 46, "object_id": "4", "object_repr": "model product22", "action_flag": 1, "change_message": "[{\"added\": {}}]"}}, {"model": "admin.logentry", "pk": 306, "fields": {"action_time": "2016-10-06T01:47:15.339Z", "user": 1, "content_type": 43, "object_id": "1", "object_repr": "product name 1", "action_flag": 1, "change_message": "[{\"added\": {}}]"}}, {"model": "admin.logentry", "pk": 307, "fields": {"action_time": "2016-10-06T01:48:08.891Z", "user": 1, "content_type": 43, "object_id": "2", "object_repr": "product name 2", "action_flag": 1, "change_message": "[{\"added\": {}}]"}}, {"model": "admin.logentry", "pk": 308, "fields": {"action_time": "2016-10-06T01:48:41.495Z", "user": 1, "content_type": 41, "object_id": "1", "object_repr": "product name 1", "action_flag": 1, "change_message": "[{\"added\": {}}]"}}, {"model": "admin.logentry", "pk": 309, "fields": {"action_time": "2016-10-06T01:49:08.069Z", "user": 1, "content_type": 41, "object_id": "2", "object_repr": "product name 2", "action_flag": 1, "change_message": "[{\"added\": {}}]"}}, {"model": "admin.logentry", "pk": 310, "fields": {"action_time": "2016-10-06T01:57:01.730Z", "user": 1, "content_type": 47, "object_id": "1", "object_repr": "American Proveedor 1", "action_flag": 1, "change_message": "[{\"added\": {}}]"}}, {"model": "admin.logentry", "pk": 311, "fields": {"action_time": "2016-10-06T01:57:06.440Z", "user": 1, "content_type": 47, "object_id": "2", "object_repr": "American Proveedor 2", "action_flag": 1, "change_message": "[{\"added\": {}}]"}}, {"model": "admin.logentry", "pk": 312, "fields": {"action_time": "2016-10-06T02:06:44.852Z", "user": 1, "content_type": 40, "object_id": "1", "object_repr": "Auris", "action_flag": 1, "change_message": "[{\"added\": {}}]"}}, {"model": "admin.logentry", "pk": 313, "fields": {"action_time": "2016-10-06T02:33:19.811Z", "user": 1, "content_type": 48, "object_id": "1", "object_repr": "TRANSPORT UNIT-Autos-Toyota-Auris-2015", "action_flag": 1, "change_message": "[{\"added\": {}}]"}}, {"model": "admin.logentry", "pk": 314, "fields": {"action_time": "2016-10-06T02:33:51.521Z", "user": 1, "content_type": 48, "object_id": "2", "object_repr": "TRANSPORT UNIT-Autos-Toyota-Auris-2010", "action_flag": 1, "change_message": "[{\"added\": {}}]"}}, {"model": "admin.logentry", "pk": 315, "fields": {"action_time": "2016-10-06T02:34:00.947Z", "user": 1, "content_type": 48, "object_id": "1", "object_repr": "TRANSPORT UNIT-Autos-Toyota-Auris-2011", "action_flag": 2, "change_message": "[{\"changed\": {\"fields\": [\"year_car\"]}}]"}}, {"model": "admin.logentry", "pk": 316, "fields": {"action_time": "2016-10-06T02:43:50.249Z", "user": 1, "content_type": 36, "object_id": "5", "object_repr": "Gu\u00eda Remision", "action_flag": 1, "change_message": "[{\"added\": {}}]"}}, {"model": "admin.logentry", "pk": 317, "fields": {"action_time": "2016-10-06T17:48:10.089Z", "user": 1, "content_type": 3, "object_id": "1", "object_repr": "administrador", "action_flag": 1, "change_message": "[{\"added\": {}}]"}}, {"model": "admin.logentry", "pk": 318, "fields": {"action_time": "2016-10-06T17:49:07.737Z", "user": 1, "content_type": 16, "object_id": "1", "object_repr": "talleres", "action_flag": 1, "change_message": "[{\"added\": {}}]"}}, {"model": "admin.logentry", "pk": 319, "fields": {"action_time": "2016-10-06T18:04:12.968Z", "user": 1, "content_type": 16, "object_id": "2", "object_repr": "facturacion", "action_flag": 1, "change_message": "[{\"added\": {}}]"}}, {"model": "admin.logentry", "pk": 320, "fields": {"action_time": "2016-10-06T18:04:25.219Z", "user": 1, "content_type": 16, "object_id": "3", "object_repr": "company", "action_flag": 1, "change_message": "[{\"added\": {}}]"}}, {"model": "admin.logentry", "pk": 321, "fields": {"action_time": "2016-10-06T18:04:37.797Z", "user": 1, "content_type": 16, "object_id": "4", "object_repr": "core", "action_flag": 1, "change_message": "[{\"added\": {}}]"}}, {"model": "admin.logentry", "pk": 322, "fields": {"action_time": "2016-10-06T18:04:47.347Z", "user": 1, "content_type": 16, "object_id": "5", "object_repr": "usuarios", "action_flag": 1, "change_message": "[{\"added\": {}}]"}}, {"model": "admin.logentry", "pk": 323, "fields": {"action_time": "2016-10-06T18:04:55.405Z", "user": 1, "content_type": 16, "object_id": "6", "object_repr": "logistica", "action_flag": 1, "change_message": "[{\"added\": {}}]"}}, {"model": "admin.logentry", "pk": 324, "fields": {"action_time": "2016-10-06T18:04:58.538Z", "user": 1, "content_type": 16, "object_id": "7", "object_repr": "menu", "action_flag": 1, "change_message": "[{\"added\": {}}]"}}, {"model": "admin.logentry", "pk": 325, "fields": {"action_time": "2016-10-06T18:05:07.745Z", "user": 1, "content_type": 16, "object_id": "8", "object_repr": "productos", "action_flag": 1, "change_message": "[{\"added\": {}}]"}}, {"model": "admin.logentry", "pk": 326, "fields": {"action_time": "2016-10-06T18:05:14.328Z", "user": 1, "content_type": 16, "object_id": "9", "object_repr": "cotizacion", "action_flag": 1, "change_message": "[{\"added\": {}}]"}}, {"model": "admin.logentry", "pk": 327, "fields": {"action_time": "2016-10-06T18:05:22.851Z", "user": 1, "content_type": 16, "object_id": "10", "object_repr": "almacen", "action_flag": 1, "change_message": "[{\"added\": {}}]"}}, {"model": "admin.logentry", "pk": 328, "fields": {"action_time": "2016-10-06T18:05:29.787Z", "user": 1, "content_type": 16, "object_id": "11", "object_repr": "proveedores", "action_flag": 1, "change_message": "[{\"added\": {}}]"}}, {"model": "admin.logentry", "pk": 329, "fields": {"action_time": "2016-10-06T18:05:42.434Z", "user": 1, "content_type": 16, "object_id": "12", "object_repr": "vehiculos", "action_flag": 1, "change_message": "[{\"added\": {}}]"}}, {"model": "admin.logentry", "pk": 330, "fields": {"action_time": "2016-10-06T18:05:49.059Z", "user": 1, "content_type": 16, "object_id": "13", "object_repr": "gropos", "action_flag": 1, "change_message": "[{\"added\": {}}]"}}, {"model": "admin.logentry", "pk": 331, "fields": {"action_time": "2016-10-06T18:05:59.806Z", "user": 1, "content_type": 16, "object_id": "13", "object_repr": "grupos", "action_flag": 2, "change_message": "[{\"changed\": {\"fields\": [\"name\"]}}]"}}, {"model": "admin.logentry", "pk": 332, "fields": {"action_time": "2016-10-06T18:55:33.491Z", "user": 1, "content_type": 3, "object_id": "2", "object_repr": "sistemas", "action_flag": 1, "change_message": "[{\"added\": {}}]"}}, {"model": "admin.logentry", "pk": 333, "fields": {"action_time": "2016-10-06T19:02:56.730Z", "user": 1, "content_type": null, "object_id": "1", "object_repr": "sistemas", "action_flag": 1, "change_message": "[{\"added\": {}}]"}}, {"model": "admin.logentry", "pk": 334, "fields": {"action_time": "2016-10-06T19:03:08.830Z", "user": 1, "content_type": null, "object_id": "1", "object_repr": "sistemas", "action_flag": 2, "change_message": "[]"}}, {"model": "admin.logentry", "pk": 335, "fields": {"action_time": "2016-10-06T19:12:56.266Z", "user": 1, "content_type": 23, "object_id": "1", "object_repr": "demo@gmail.com", "action_flag": 2, "change_message": "[{\"changed\": {\"name\": \"user profile\", \"fields\": [\"document_type\", \"document_number\", \"organization\", \"subsidiary\"], \"object\": \"demo@gmail.com\"}}]"}}, {"model": "admin.logentry", "pk": 336, "fields": {"action_time": "2016-10-06T19:49:02.141Z", "user": 1, "content_type": null, "object_id": "1", "object_repr": "sistemas", "action_flag": 1, "change_message": "[{\"added\": {}}]"}}, {"model": "admin.logentry", "pk": 337, "fields": {"action_time": "2016-10-08T18:16:36.217Z", "user": 1, "content_type": 8, "object_id": "1", "object_repr": "zone1", "action_flag": 1, "change_message": "[{\"added\": {}}]"}}, {"model": "admin.logentry", "pk": 338, "fields": {"action_time": "2016-10-08T18:16:46.818Z", "user": 1, "content_type": 8, "object_id": "2", "object_repr": "zone2", "action_flag": 1, "change_message": "[{\"added\": {}}]"}}, {"model": "admin.logentry", "pk": 339, "fields": {"action_time": "2016-10-08T18:17:07.084Z", "user": 1, "content_type": 7, "object_id": "1", "object_repr": "country11", "action_flag": 1, "change_message": "[{\"added\": {}}]"}}, {"model": "admin.logentry", "pk": 340, "fields": {"action_time": "2016-10-08T18:17:26.682Z", "user": 1, "content_type": 7, "object_id": "2", "object_repr": "country12", "action_flag": 1, "change_message": "[{\"added\": {}}]"}}, {"model": "admin.logentry", "pk": 341, "fields": {"action_time": "2016-10-08T18:17:46.570Z", "user": 1, "content_type": 7, "object_id": "3", "object_repr": "country21", "action_flag": 1, "change_message": "[{\"added\": {}}]"}}, {"model": "admin.logentry", "pk": 342, "fields": {"action_time": "2016-10-08T18:17:52.156Z", "user": 1, "content_type": 7, "object_id": "4", "object_repr": "country22", "action_flag": 1, "change_message": "[{\"added\": {}}]"}}, {"model": "admin.logentry", "pk": 343, "fields": {"action_time": "2016-10-10T09:39:54.355Z", "user": 1, "content_type": null, "object_id": "1", "object_repr": "sistemas", "action_flag": 2, "change_message": "[]"}}, {"model": "admin.logentry", "pk": 344, "fields": {"action_time": "2016-10-10T09:51:41.229Z", "user": 1, "content_type": null, "object_id": "1", "object_repr": "sistemas", "action_flag": 2, "change_message": "[]"}}, {"model": "admin.logentry", "pk": 345, "fields": {"action_time": "2016-10-11T01:09:35.843Z", "user": 1, "content_type": 62, "object_id": "1", "object_repr": "American Proveedor 1", "action_flag": 1, "change_message": "[{\"added\": {}}]"}}, {"model": "admin.logentry", "pk": 346, "fields": {"action_time": "2016-10-11T02:09:43.632Z", "user": 1, "content_type": 62, "object_id": "3", "object_repr": "American Proveedor 3", "action_flag": 2, "change_message": "[]"}}, {"model": "admin.logentry", "pk": 347, "fields": {"action_time": "2016-10-11T02:09:55.600Z", "user": 1, "content_type": 47, "object_id": "4", "object_repr": "American Proveedor 3", "action_flag": 2, "change_message": "[]"}}, {"model": "admin.logentry", "pk": 348, "fields": {"action_time": "2016-10-12T13:38:21.031Z", "user": 1, "content_type": 48, "object_id": "6", "object_repr": "UNIDAD TRANSPORTE-Autos-Toyota-Auris-1989", "action_flag": 3, "change_message": ""}}, {"model": "admin.logentry", "pk": 349, "fields": {"action_time": "2016-10-12T13:38:27.119Z", "user": 1, "content_type": 48, "object_id": "7", "object_repr": "UNIDAD TRANSPORTE-Autos-Toyota-Auris-1991", "action_flag": 3, "change_message": ""}}, {"model": "admin.logentry", "pk": 350, "fields": {"action_time": "2016-10-12T14:38:03.752Z", "user": 1, "content_type": 48, "object_id": "8", "object_repr": "UNIDAD TRANSPORTE-Autos-Toyota-Auris-1989", "action_flag": 2, "change_message": "[{\"added\": {\"object\": \"PLACA-001\", \"name\": \"vehicle image\"}}]"}}, {"model": "admin.logentry", "pk": 351, "fields": {"action_time": "2016-10-12T17:19:37.881Z", "user": 1, "content_type": 62, "object_id": "1", "object_repr": "American Proveedor 1", "action_flag": 2, "change_message": "[]"}}, {"model": "admin.logentry", "pk": 353, "fields": {"action_time": "2016-10-13T16:04:10.147Z", "user": 2, "content_type": 23, "object_id": "5", "object_repr": "demo3@gmail.com", "action_flag": 2, "change_message": "[]"}}, {"model": "admin.logentry", "pk": 354, "fields": {"action_time": "2016-10-13T20:07:56.323Z", "user": 2, "content_type": 67, "object_id": "1", "object_repr": "administrador", "action_flag": 1, "change_message": "[{\"added\": {}}]"}}, {"model": "admin.logentry", "pk": 355, "fields": {"action_time": "2016-10-13T20:08:03.368Z", "user": 2, "content_type": 67, "object_id": "2", "object_repr": "sistemas", "action_flag": 1, "change_message": "[{\"added\": {}}]"}}, {"model": "admin.logentry", "pk": 356, "fields": {"action_time": "2016-10-13T20:30:09.128Z", "user": 2, "content_type": null, "object_id": "1", "object_repr": "Talleres", "action_flag": 1, "change_message": "[{\"added\": {}}]"}}, {"model": "admin.logentry", "pk": 357, "fields": {"action_time": "2016-10-13T20:30:36.275Z", "user": 2, "content_type": null, "object_id": "2", "object_repr": "company", "action_flag": 1, "change_message": "[{\"added\": {}}]"}}, {"model": "admin.logentry", "pk": 358, "fields": {"action_time": "2016-10-13T20:59:35.697Z", "user": 2, "content_type": 67, "object_id": "2", "object_repr": "sistemas", "action_flag": 2, "change_message": "[{\"added\": {\"name\": \"team module\", \"object\": \"sistemas-Talleres\"}}, {\"added\": {\"name\": \"team module\", \"object\": \"sistemas-company\"}}, {\"added\": {\"name\": \"team module\", \"object\": \"sistemas-core\"}}]"}}, {"model": "admin.logentry", "pk": 359, "fields": {"action_time": "2016-10-13T20:59:45.866Z", "user": 2, "content_type": 67, "object_id": "2", "object_repr": "sistemas", "action_flag": 2, "change_message": "[{\"added\": {\"name\": \"team module\", \"object\": \"sistemas-core\"}}]"}}, {"model": "admin.logentry", "pk": 360, "fields": {"action_time": "2016-10-13T21:11:02.896Z", "user": 2, "content_type": 67, "object_id": "2", "object_repr": "sistemas", "action_flag": 2, "change_message": "[{\"deleted\": {\"object\": \"sistemas-core\", \"name\": \"team module\"}}, {\"deleted\": {\"object\": \"sistemas-usuarios\", \"name\": \"team module\"}}]"}}, {"model": "admin.logentry", "pk": 361, "fields": {"action_time": "2016-10-13T21:12:03.969Z", "user": 2, "content_type": 67, "object_id": "2", "object_repr": "sistemas", "action_flag": 2, "change_message": "[{\"added\": {\"object\": \"sistemas-core\", \"name\": \"team module\"}}]"}}, {"model": "admin.logentry", "pk": 362, "fields": {"action_time": "2016-10-13T21:12:51.560Z", "user": 2, "content_type": 67, "object_id": "2", "object_repr": "sistemas", "action_flag": 2, "change_message": "[{\"added\": {\"object\": \"sistemas-usuarios\", \"name\": \"team module\"}}, {\"added\": {\"object\": \"sistemas-logistica\", \"name\": \"team module\"}}, {\"added\": {\"object\": \"sistemas-menu\", \"name\": \"team module\"}}, {\"added\": {\"object\": \"sistemas-productos\", \"name\": \"team module\"}}, {\"added\": {\"object\": \"sistemas-almacen\", \"name\": \"team module\"}}, {\"added\": {\"object\": \"sistemas-proveedores\", \"name\": \"team module\"}}, {\"added\": {\"object\": \"sistemas-vehiculos\", \"name\": \"team module\"}}, {\"added\": {\"object\": \"sistemas-grupos\", \"name\": \"team module\"}}]"}}, {"model": "admin.logentry", "pk": 363, "fields": {"action_time": "2016-10-13T21:19:42.841Z", "user": 2, "content_type": 67, "object_id": "1", "object_repr": "administrador", "action_flag": 2, "change_message": "[{\"added\": {\"object\": \"administrador-vehiculos\", \"name\": \"team module\"}}, {\"added\": {\"object\": \"administrador-logistica\", \"name\": \"team module\"}}, {\"added\": {\"object\": \"administrador-productos\", \"name\": \"team module\"}}, {\"added\": {\"object\": \"administrador-almacen\", \"name\": \"team module\"}}, {\"added\": {\"object\": \"administrador-proveedores\", \"name\": \"team module\"}}]"}}, {"model": "admin.logentry", "pk": 364, "fields": {"action_time": "2016-10-13T21:35:13.108Z", "user": 2, "content_type": null, "object_id": "1", "object_repr": "administrador-Menu", "action_flag": 1, "change_message": "[{\"added\": {}}]"}}, {"model": "admin.logentry", "pk": 365, "fields": {"action_time": "2016-10-13T21:35:47.754Z", "user": 2, "content_type": null, "object_id": "1", "object_repr": "administrador-Menu", "action_flag": 2, "change_message": "[]"}}, {"model": "admin.logentry", "pk": 366, "fields": {"action_time": "2016-10-13T21:40:27.385Z", "user": 2, "content_type": null, "object_id": "1", "object_repr": "administrador-Menu", "action_flag": 2, "change_message": "[]"}}, {"model": "admin.logentry", "pk": 367, "fields": {"action_time": "2016-10-13T21:49:23.102Z", "user": 2, "content_type": null, "object_id": "1", "object_repr": "administrador-Menu", "action_flag": 2, "change_message": "[]"}}, {"model": "admin.logentry", "pk": 368, "fields": {"action_time": "2016-10-13T21:53:43.145Z", "user": 2, "content_type": null, "object_id": "1", "object_repr": "administrador-Menu", "action_flag": 2, "change_message": "[]"}}, {"model": "admin.logentry", "pk": 369, "fields": {"action_time": "2016-10-13T22:01:31.066Z", "user": 2, "content_type": null, "object_id": "1", "object_repr": "administrador-Menu", "action_flag": 2, "change_message": "[]"}}, {"model": "admin.logentry", "pk": 370, "fields": {"action_time": "2016-10-13T22:12:14.996Z", "user": 2, "content_type": null, "object_id": "1", "object_repr": "administrador-Menu", "action_flag": 2, "change_message": "[]"}}, {"model": "admin.logentry", "pk": 371, "fields": {"action_time": "2016-10-13T22:30:02.441Z", "user": 2, "content_type": null, "object_id": "1", "object_repr": "administrador-Menu", "action_flag": 2, "change_message": "[]"}}, {"model": "admin.logentry", "pk": 372, "fields": {"action_time": "2016-10-13T22:30:21.141Z", "user": 2, "content_type": null, "object_id": "1", "object_repr": "administrador-Menu", "action_flag": 2, "change_message": "[{\"added\": {\"name\": \"team sub menu\", \"object\": \"administrador-Menu-Menu-Menu:list\"}}, {\"added\": {\"name\": \"team sub menu\", \"object\": \"administrador-Menu-Menu-SubMenu:list\"}}]"}}, {"model": "admin.logentry", "pk": 373, "fields": {"action_time": "2016-10-13T22:30:30.189Z", "user": 2, "content_type": null, "object_id": "2", "object_repr": "administrador-Product", "action_flag": 1, "change_message": "[{\"added\": {}}]"}}, {"model": "admin.logentry", "pk": 374, "fields": {"action_time": "2016-10-13T22:30:45.312Z", "user": 2, "content_type": null, "object_id": "2", "object_repr": "administrador-Product", "action_flag": 2, "change_message": "[{\"added\": {\"name\": \"team sub menu\", \"object\": \"administrador-Product-Product-Category:list\"}}, {\"added\": {\"name\": \"team sub menu\", \"object\": \"administrador-Product-Product-Subcategory:list\"}}, {\"added\": {\"name\": \"team sub menu\", \"object\": \"administrador-Product-Product-Product:list\"}}]"}}, {"model": "admin.logentry", "pk": 375, "fields": {"action_time": "2016-10-13T23:27:59.595Z", "user": 2, "content_type": 3, "object_id": "2", "object_repr": "sistemas", "action_flag": 2, "change_message": "[]"}}, {"model": "admin.logentry", "pk": 376, "fields": {"action_time": "2016-10-13T23:28:48.840Z", "user": 2, "content_type": 23, "object_id": "5", "object_repr": "demo3@gmail.com", "action_flag": 2, "change_message": "[]"}}, {"model": "admin.logentry", "pk": 377, "fields": {"action_time": "2016-10-13T23:29:36.450Z", "user": 2, "content_type": 23, "object_id": "1", "object_repr": "demo@gmail.com", "action_flag": 2, "change_message": "[]"}}, {"model": "admin.logentry", "pk": 378, "fields": {"action_time": "2016-10-13T23:31:50.758Z", "user": 1, "content_type": 22, "object_id": "7", "object_repr": "Core", "action_flag": 1, "change_message": "[{\"added\": {}}]"}}, {"model": "admin.logentry", "pk": 379, "fields": {"action_time": "2016-10-14T11:42:19.036Z", "user": 1, "content_type": 69, "object_id": "2", "object_repr": "sistemas-Product", "action_flag": 2, "change_message": "[]"}}, {"model": "admin.logentry", "pk": 380, "fields": {"action_time": "2016-10-14T11:44:09.359Z", "user": 1, "content_type": 69, "object_id": "2", "object_repr": "sistemas-Product", "action_flag": 2, "change_message": "[]"}}, {"model": "admin.logentry", "pk": 381, "fields": {"action_time": "2016-10-14T12:00:00.333Z", "user": 1, "content_type": 69, "object_id": "3", "object_repr": "sistemas-Administrator", "action_flag": 1, "change_message": "[{\"added\": {}}]"}}, {"model": "admin.logentry", "pk": 382, "fields": {"action_time": "2016-10-15T16:44:13.564Z", "user": 2, "content_type": 36, "object_id": "6", "object_repr": "Cotizacion", "action_flag": 1, "change_message": "[{\"added\": {}}]"}}, {"model": "admin.logentry", "pk": 383, "fields": {"action_time": "2016-10-15T20:45:10.221Z", "user": 2, "content_type": 19, "object_id": "2", "object_repr": "CO-001-0", "action_flag": 1, "change_message": "[{\"added\": {}}]"}}, {"model": "admin.logentry", "pk": 384, "fields": {"action_time": "2016-10-15T20:46:17.906Z", "user": 2, "content_type": 19, "object_id": "1", "object_repr": "FA-001-0", "action_flag": 2, "change_message": "[{\"changed\": {\"fields\": [\"prefix\", \"postfix\", \"format\", \"final\"]}}]"}}, {"model": "admin.logentry", "pk": 385, "fields": {"action_time": "2016-10-15T21:12:26.353Z", "user": 2, "content_type": 19, "object_id": "2", "object_repr": "CO-001-0-Sucursal 1", "action_flag": 2, "change_message": "[{\"changed\": {\"fields\": [\"initial\"]}}]"}}, {"model": "admin.logentry", "pk": 386, "fields": {"action_time": "2016-10-15T22:38:52.385Z", "user": 2, "content_type": 19, "object_id": "2", "object_repr": "CO-001-0-Sucursal 1", "action_flag": 2, "change_message": "[]"}}, {"model": "admin.logentry", "pk": 387, "fields": {"action_time": "2016-10-16T23:07:04.173Z", "user": 2, "content_type": 19, "object_id": "2", "object_repr": "CO-001-1-Sucursal 1", "action_flag": 2, "change_message": "[{\"changed\": {\"fields\": [\"actual\"]}}]"}}, {"model": "admin.logentry", "pk": 388, "fields": {"action_time": "2016-10-21T02:03:54.116Z", "user": 2, "content_type": 36, "object_id": "7", "object_repr": "Orden de Compra", "action_flag": 1, "change_message": "[{\"added\": {}}]"}}, {"model": "admin.logentry", "pk": 389, "fields": {"action_time": "2016-10-21T02:05:19.008Z", "user": 2, "content_type": 19, "object_id": "3", "object_repr": "OC-001-0-Sucursal 1", "action_flag": 1, "change_message": "[{\"added\": {}}]"}}, {"model": "admin.logentry", "pk": 390, "fields": {"action_time": "2016-10-21T02:05:26.036Z", "user": 2, "content_type": 19, "object_id": "2", "object_repr": "CO-001-13-Sucursal 1", "action_flag": 2, "change_message": "[{\"changed\": {\"fields\": [\"final\"]}}]"}}, {"model": "admin.logentry", "pk": 391, "fields": {"action_time": "2016-10-21T02:12:36.978Z", "user": 2, "content_type": 36, "object_id": "7", "object_repr": "Orden de Compra", "action_flag": 2, "change_message": "[{\"changed\": {\"fields\": [\"abbreviation\"]}}]"}}, {"model": "admin.logentry", "pk": 392, "fields": {"action_time": "2016-10-21T03:03:14.367Z", "user": 2, "content_type": 76, "object_id": "1", "object_repr": "IGV", "action_flag": 1, "change_message": "[{\"added\": {}}]"}}, {"model": "admin.logentry", "pk": 393, "fields": {"action_time": "2016-10-25T20:35:44.715Z", "user": 1, "content_type": 36, "object_id": "8", "object_repr": "Acta taller vehiculo", "action_flag": 1, "change_message": "[{\"added\": {}}]"}}, {"model": "admin.logentry", "pk": 394, "fields": {"action_time": "2016-10-25T20:38:46.322Z", "user": 1, "content_type": 19, "object_id": "4", "object_repr": "ADV-001-0-Sucursal 1", "action_flag": 1, "change_message": "[{\"added\": {}}]"}}, {"model": "admin.logentry", "pk": 395, "fields": {"action_time": "2016-10-30T20:24:30.897Z", "user": 1, "content_type": 36, "object_id": "9", "object_repr": "Acta taller mantenimiento", "action_flag": 1, "change_message": "[{\"added\": {}}]"}}, {"model": "admin.logentry", "pk": 396, "fields": {"action_time": "2016-10-30T20:25:15.622Z", "user": 1, "content_type": 19, "object_id": "5", "object_repr": "ATM-001-0-Sucursal 1", "action_flag": 1, "change_message": "[{\"added\": {}}]"}}, {"model": "admin.logentry", "pk": 397, "fields": {"action_time": "2016-10-30T20:44:31.160Z", "user": 1, "content_type": 19, "object_id": "4", "object_repr": "ADV-001-8-Sucursal 1", "action_flag": 2, "change_message": "[]"}}, {"model": "admin.logentry", "pk": 398, "fields": {"action_time": "2016-10-30T20:44:31.843Z", "user": 1, "content_type": 19, "object_id": "4", "object_repr": "ADV-001-8-Sucursal 1", "action_flag": 2, "change_message": "[]"}}, {"model": "admin.logentry", "pk": 399, "fields": {"action_time": "2016-11-02T07:29:19.174Z", "user": 1, "content_type": 36, "object_id": "10", "object_repr": "Solicitud Pedido Taller", "action_flag": 1, "change_message": "[{\"added\": {}}]"}}, {"model": "admin.logentry", "pk": 400, "fields": {"action_time": "2016-11-02T07:42:46.672Z", "user": 1, "content_type": 19, "object_id": "6", "object_repr": "SPT-001-0-Sucursal 1", "action_flag": 1, "change_message": "[{\"added\": {}}]"}}, {"model": "auth.group", "pk": 1, "fields": {"name": "administrador", "permissions": []}}, {"model": "auth.group", "pk": 2, "fields": {"name": "sistemas", "permissions": [65, 66]}}]